accession,species,family,model_score_max,model_covered,model_products,baseline_identity,baseline_covered_T80
A0A193CHJ5,Crotalus tzabcan,3FTx,0.9784,yes,Antibotropico crotalico Butantan|Antibotropico crotalico FUNED|Antibotropico crotalico IVB|Antibotropico laquetico Butantan|Antibotropico laquetico FUNED|Antibotropico laquetico IVB|Anticrotalico Butantan|Anticrotalico FUNED|Anticrotalico IVB|Anticrotalico Monovalente|Antilachesico Monovalente|Antiofidico Polivalente|Antiofidico Polivalente BIOL|Antiofidico Polivalente Botropico Crotalico|Antiofidico Polivalente Botropico Laquetico|Antiofidico Polivalente CDBiotecnologia|Antiveneno Bothropico Crotalico|Antiveneno Crotalico|Antivipmyn|Antivipmyn TRI|Polyvalent crotalid antivenom CroFab,100.0,yes
A0A2U8QPE6,Micrurus mipartitus,OTHER,0.7953,yes,Agkistrodon Salmusa Antivenom|Antibotropico Butantan|Antibotropico CPPI|Antibotropico FUNED|Antibotropico IVB|Antibotropico crotalico Butantan|Antibotropico crotalico FUNED|Antibotropico crotalico IVB|Antibotropico laquetico Butantan|Antibotropico laquetico FUNED|Antibotropico laquetico IVB|Antiveneno Bothropico Tetravalente|Antivenin Micrurus fulvius|Polyvalent Snake Antivenom,82.2,yes
A4VBF0,Vipera nikolskii,3FTx,0.8171,yes,Haemato polyvalent snake antivenom QSMI|Russells viper antivenin QSMI|Viper Venom Antitoxin|Viper antivenin|Viper venom antitoxin European|Viperfav,99.3,yes
B3EWF8,Micrurus mipartitus,3FTx,0.4826,no,,70.2,no
C0HJL8,Bothriechis spp,PLA2,0.5894,yes,Antibotropico crotalico Butantan|Antibotropico crotalico FUNED|Antibotropico crotalico IVB|Anticrotalico Butantan|Anticrotalico FUNED|Anticrotalico IVB|Anticrotalico Monovalente|Antiofidico Polivalente|Antiofidico Polivalente BIOL|Antiofidico Polivalente Botropico Crotalico|Antiveneno Bothropico Crotalico|Antiveneno Crotalico|Antivipmyn TRI,80.3,yes
F8QN53,Vipera renardi,PLA2,0.6017,yes,Haemato polyvalent snake antivenom QSMI|Russells viper antivenin QSMI|Viper antivenin,79.0,no
F8QN54,Vipera renardi,3FTx,0.8028,yes,Viper Venom Antitoxin|Viper venom antitoxin European|Viperfav,96.4,yes
P0C6E4,Protobothrops jerdonii,SVMP,0.671,yes,Agkistrodon Salmusa Antivenom|Antivenom Tr mucrosquamatus stejnegeri|Antivipmyn|Habu antivenom|Haemato polyvalent snake antivenom QSMI|Malayan pit viper antivenin QSMI|Mamushi Antivenom Kaketsuken|Polyvalent Anti Snake Venom|Polyvalent Snake Antivenom|Polyvalent crotalid antivenom CroFab,87.4,yes
P0C6S4,Eristocophis macmahoni,Disintegrin,0.315,no,,39.8,no
P0DI89,Bothrops leucurus,LAAO,0.579,yes,Cobra Antivenin QSMI|Cobra antivenin|Neuro polyvalent snake antivenom QSMI|SAV Naja,70.3,no
P0DJ86,Bothrops leucurus,SVSP,0.905,yes,Agkistrodon Salmusa Antivenom|Agkistrodon halys antivenin|Antibotropico Butantan|Antibotropico CPPI|Antibotropico FUNED|Antibotropico IVB|Antibotropico Polivalente|Antibotropico bivalente|Antibotropico crotalico Butantan|Antibotropico crotalico FUNED|Antibotropico crotalico IVB|Antibotropico laquetico Butantan|Antibotropico laquetico FUNED|Antibotropico laquetico IVB|Antiofidico Bivalente Antibothropico|Antiofidico Bothropico Polivalente|Antiofidico Polivalente BIOL|Antiofidico Polivalente Botropico Crotalico|Antiofidico Polivalente Botropico Laquetico|Antiofidico Polivalente CDBiotecnologia|Antiveneno Bothropico Bivalente|Antiveneno Bothropico Crotalico|Antiveneno Bothropico Tetravalente|FAV Afrique|Mamushi Antivenom Kaketsuken|Polyvalent Antivenom ICP|Polyvalent crotalid antivenom CroFab|SAIMR Polyvalent Snake antivenom|Viper Venom Antitoxin|Viper venom antitoxin European|Viperfav,90.5,yes
P0DJJ6,Bothrops leucurus,SVMP,0.15,no,,15.0,no
P0DUN5,Bothrops bilineatus,3FTx,0.77,yes,Antibotropico laquetico Butantan|Antibotropico laquetico FUNED|Antibotropico laquetico IVB|Antilachesico Monovalente|Antiofidico Polivalente Botropico Laquetico|Antiofidico Polivalente CDBiotecnologia|Antivipmyn TRI,80.3,yes
P0DW98,Protobothrops jerdonii,VEGF,0.6132,yes,Antivenom Tr mucrosquamatus stejnegeri|Habu antivenom,91.1,yes
P13208,Atractaspis engaddensis,3FTx,0.0,no,,0.0,no
P17349,Protobothrops elegans,SVMP,0.7706,yes,Agkistrodon Acutus antivenin|Antibotropico Butantan|Antibotropico CPPI|Antibotropico FUNED|Antibotropico IVB|Antibotropico crotalico Butantan|Antibotropico crotalico FUNED|Antibotropico crotalico IVB|Antibotropico laquetico Butantan|Antibotropico laquetico FUNED|Antibotropico laquetico IVB|Antiveneno Bothropico Tetravalente|Antivenom Tr mucrosquamatus stejnegeri|Antivipmyn|Habu antivenom|Monovalent Antivenin Snorkel Viper|Polyvalent crotalid antivenom CroFab,97.7,yes
P82896,Trimeresurus stejnegeri,PLA2,0.7273,yes,Agkistrodon Acutus antivenin|Monovalent Antivenin Snorkel Viper,69.9,no
P83912,Protobothrops jerdonii,SVMP,0.6773,yes,Agkistrodon Salmusa Antivenom|Antibotropico Butantan|Antibotropico CPPI|Antibotropico FUNED|Antibotropico IVB|Antibotropico Polivalente|Antibotropico crotalico Butantan|Antibotropico crotalico FUNED|Antibotropico crotalico IVB|Antibotropico laquetico Butantan|Antibotropico laquetico FUNED|Antibotropico laquetico IVB|Anticrotalico Butantan|Anticrotalico FUNED|Anticrotalico IVB|Anticrotalico Monovalente|Antiofidico Bothropico Polivalente|Antiofidico Polivalente|Antiofidico Polivalente BIOL|Antiofidico Polivalente Botropico Crotalico|Antiofidico Polivalente Botropico Laquetico|Antiofidico Polivalente CDBiotecnologia|Antiveneno Bothropico Crotalico|Antiveneno Bothropico Tetravalente|Antiveneno Crotalico|Antivipmyn TRI|Habu antivenom|Haemato polyvalent snake antivenom QSMI|Malayan pit viper antivenin QSMI|Polyvalent Anti Snake Venom|Polyvalent Snake Antivenom|Polyvalent crotalid antivenom CroFab,85.7,yes
P84776,Protobothrops mangshanensis,PLA2,0.7633,yes,Antibotropico Polivalente|Antibotropico bivalente|Antiofidico Polivalente BIOL|Antiveneno Bothropico Bivalente|Antiveneno Bothropico Crotalico|Antiveneno Bothropico Tetravalente|Antivenom Tr mucrosquamatus stejnegeri,82.0,yes
P84787,Protobothrops elegans,SVSP,0.549,no,,86.8,yes
P84907,Bothrops leucurus,SVMP,0.4509,no,,81.5,yes
P86092,Bothrops leucurus,SVMP,0.3095,no,,50.3,no
Q1RP78,Vipera nikolskii,3FTx,0.7017,yes,Haemato polyvalent snake antivenom QSMI|Russells viper antivenin QSMI|Viper Venom Antitoxin|Viper antivenin|Viper venom antitoxin European|Viperfav,99.3,yes
Q1RP79,Vipera nikolskii,3FTx,0.9343,yes,Haemato polyvalent snake antivenom QSMI|Russells viper antivenin QSMI|Viper Venom Antitoxin|Viper antivenin|Viper venom antitoxin European|Viperfav,97.8,yes
Q2LD49,Trimeresurus stejnegeri,SVMP,0.8911,yes,Agkistrodon Salmusa Antivenom|Antibotropico Butantan|Antibotropico CPPI|Antibotropico FUNED|Antibotropico IVB|Antibotropico Polivalente|Antibotropico crotalico Butantan|Antibotropico crotalico FUNED|Antibotropico crotalico IVB|Antibotropico laquetico Butantan|Antibotropico laquetico FUNED|Antibotropico laquetico IVB|Antiofidico Bothropico Polivalente|Antiofidico Polivalente Botropico Crotalico|Antiofidico Polivalente Botropico Laquetico|Antiofidico Polivalente CDBiotecnologia|Antiveneno Bothropico Tetravalente|Antivipmyn|Habu antivenom|Polyvalent crotalid antivenom CroFab,87.6,yes
Q6H3C8,Trimeresurus stejnegeri,PLA2,0.694,yes,Habu antivenom,88.4,yes
Q6H3D0,Trimeresurus stejnegeri,PLA2,0.812,yes,Agkistrodon Salmusa Antivenom|Antibotropico Butantan|Antibotropico CPPI|Antibotropico FUNED|Antibotropico IVB|Antibotropico crotalico Butantan|Antibotropico crotalico FUNED|Antibotropico crotalico IVB|Antibotropico laquetico Butantan|Antibotropico laquetico FUNED|Antibotropico laquetico IVB,81.2,yes
Q6T179,Naja sagittifera,PLA2,0.3954,no,,76.0,no
Q7ZZS9,Protobothrops jerdonii,SVMP,0.6721,yes,Agkistrodon halys antivenin|Antibotropico Butantan|Antibotropico CPPI|Antibotropico FUNED|Antibotropico IVB|Antibotropico crotalico Butantan|Antibotropico crotalico FUNED|Antibotropico crotalico IVB|Antibotropico laquetico Butantan|Antibotropico laquetico FUNED|Antibotropico laquetico IVB|Antiveneno Bothropico Tetravalente|Antivenom Tr mucrosquamatus stejnegeri|Habu antivenom|Polyvalent crotalid antivenom CroFab,92.3,yes
Q8AY79,Trimeresurus stejnegeri,SVSP,0.729,yes,Agkistrodon Acutus antivenin|Agkistrodon Salmusa Antivenom|Antibotropico Butantan|Antibotropico CPPI|Antibotropico FUNED|Antibotropico IVB|Antibotropico crotalico Butantan|Antibotropico crotalico FUNED|Antibotropico crotalico IVB|Antibotropico laquetico Butantan|Antibotropico laquetico FUNED|Antibotropico laquetico IVB|Antilachesico Monovalente|Antiofidico Bothropico Polivalente|Antiofidico Polivalente Botropico Laquetico|Antiofidico Polivalente CDBiotecnologia|Antiveneno Bothropico Tetravalente|Antivipmyn|Antivipmyn TRI|Faboterapico Polivalente Antiviperino|Habu antivenom|Monovalent Antivenin Snorkel Viper|Polyvalent Antivenom ICP|Polyvalent crotalid antivenom CroFab,88.0,yes
Q8AY80,Trimeresurus stejnegeri,SVSP,0.6289,yes,Agkistrodon halys antivenin|Antibotropico Butantan|Antibotropico CPPI|Antibotropico FUNED|Antibotropico IVB|Antibotropico Polivalente|Antibotropico crotalico Butantan|Antibotropico crotalico FUNED|Antibotropico crotalico IVB|Antibotropico laquetico Butantan|Antibotropico laquetico FUNED|Antibotropico laquetico IVB|Antiofidico Bothropico Polivalente|Antiofidico Polivalente Botropico Crotalico|Antiofidico Polivalente Botropico Laquetico|Antiofidico Polivalente CDBiotecnologia|Antiveneno Bothropico Tetravalente|Antivenom Tr mucrosquamatus stejnegeri|Antivipmyn|Antivipmyn TRI|Faboterapico Polivalente Antiviperino|Polyvalent Antivenom ICP,81.8,yes
Q8AY81,Trimeresurus stejnegeri,SVSP,0.8048,yes,Agkistrodon halys antivenin|Antibotropico crotalico Butantan|Antibotropico crotalico FUNED|Antibotropico crotalico IVB|Anticrotalico Butantan|Anticrotalico FUNED|Anticrotalico IVB|Anticrotalico Monovalente|Antiofidico Polivalente|Antiofidico Polivalente BIOL|Antiofidico Polivalente Botropico Crotalico|Antiveneno Bothropico Crotalico|Antiveneno Crotalico|Antivipmyn TRI|Polyvalent crotalid antivenom CroFab,86.2,yes
Q90YA6,Protobothrops elegans,SVMP,0.7753,yes,Antibotropico Butantan|Antibotropico CPPI|Antibotropico FUNED|Antibotropico IVB|Antibotropico crotalico Butantan|Antibotropico crotalico FUNED|Antibotropico crotalico IVB|Antibotropico laquetico Butantan|Antibotropico laquetico FUNED|Antibotropico laquetico IVB|Antiveneno Bothropico Tetravalente|Antivenom Tr mucrosquamatus stejnegeri|Antivipmyn|Habu antivenom|Polyvalent crotalid antivenom CroFab,94.8,yes
Q91516,Trimeresurus stejnegeri,SVSP,0.8488,yes,Agkistrodon Acutus antivenin|Agkistrodon Salmusa Antivenom|Antibotropico Butantan|Antibotropico CPPI|Antibotropico FUNED|Antibotropico IVB|Antibotropico Polivalente|Antibotropico crotalico Butantan|Antibotropico crotalico FUNED|Antibotropico crotalico IVB|Antibotropico laquetico Butantan|Antibotropico laquetico FUNED|Antibotropico laquetico IVB|Antilachesico Monovalente|Antiofidico Bothropico Polivalente|Antiofidico Polivalente Botropico Crotalico|Antiofidico Polivalente Botropico Laquetico|Antiofidico Polivalente CDBiotecnologia|Antiveneno Bothropico Tetravalente|Antivipmyn|Antivipmyn TRI|Monovalent Antivenin Snorkel Viper|Polyvalent crotalid antivenom CroFab|Viper Venom Antitoxin|Viper venom antitoxin European|Viperfav,86.8,yes
Q9DF67,Protobothrops jerdonii,SVSP,0.8336,yes,Agkistrodon Acutus antivenin|Agkistrodon Salmusa Antivenom|Antibotropico Butantan|Antibotropico CPPI|Antibotropico FUNED|Antibotropico IVB|Antibotropico Polivalente|Antibotropico crotalico Butantan|Antibotropico crotalico FUNED|Antibotropico crotalico IVB|Antibotropico laquetico Butantan|Antibotropico laquetico FUNED|Antibotropico laquetico IVB|Antilachesico Monovalente|Antiofidico Bothropico Polivalente|Antiofidico Polivalente Botropico Crotalico|Antiofidico Polivalente Botropico Laquetico|Antiofidico Polivalente CDBiotecnologia|Antiveneno Bothropico Tetravalente|Antivipmyn|Antivipmyn TRI|Monovalent Antivenin Snorkel Viper|Polyvalent Antivenom ICP|Viper Venom Antitoxin|Viper venom antitoxin European|Viperfav,88.4,yes
B0ZT25,Protobothrops jerdonii,SVSP,0.8262,yes,Agkistrodon Salmusa Antivenom|Antibotropico Butantan|Antibotropico CPPI|Antibotropico FUNED|Antibotropico IVB|Antibotropico crotalico Butantan|Antibotropico crotalico FUNED|Antibotropico crotalico IVB|Antibotropico laquetico Butantan|Antibotropico laquetico FUNED|Antibotropico laquetico IVB|Antiveneno Bothropico Tetravalente|Habu antivenom,92.3,yes
D1MGU0,Protobothrops jerdonii,OTHER,0.5916,yes,Antibotropico Butantan|Antibotropico CPPI|Antibotropico FUNED|Antibotropico IVB|Antibotropico Polivalente|Antibotropico crotalico Butantan|Antibotropico crotalico FUNED|Antibotropico crotalico IVB|Antibotropico laquetico Butantan|Antibotropico laquetico FUNED|Antibotropico laquetico IVB|Antiofidico Bothropico Polivalente|Antiofidico Polivalente Botropico Crotalico|Antiofidico Polivalente Botropico Laquetico|Antiofidico Polivalente CDBiotecnologia|Antivenom Tr mucrosquamatus stejnegeri,85.9,yes
D1MGU1,Protobothrops jerdonii,OTHER,0.7348,yes,Agkistrodon Acutus antivenin|Antibotropico Butantan|Antibotropico CPPI|Antibotropico FUNED|Antibotropico IVB|Antibotropico Polivalente|Antibotropico crotalico Butantan|Antibotropico crotalico FUNED|Antibotropico crotalico IVB|Antibotropico laquetico Butantan|Antibotropico laquetico FUNED|Antibotropico laquetico IVB|Antiofidico Bothropico Polivalente|Antiofidico Polivalente Botropico Crotalico|Antiofidico Polivalente Botropico Laquetico|Antiofidico Polivalente CDBiotecnologia|Mamushi Antivenom Kaketsuken|Monovalent Antivenin Snorkel Viper,80.1,yes
F8QN51,Vipera renardi,PLA2,0.5321,no,,78.3,no
P0C2D3,Eristocophis macmahoni,LAAO,0.3946,no,,51.9,no
P0C6B6,Trimeresurus albolabris,SVMP,0.684,yes,Antibotropico Butantan|Antibotropico CPPI|Antibotropico FUNED|Antibotropico IVB|Antibotropico crotalico Butantan|Antibotropico crotalico FUNED|Antibotropico crotalico IVB|Antibotropico laquetico Butantan|Antibotropico laquetico FUNED|Antibotropico laquetico IVB|Antiveneno Bothropico Tetravalente|Polyvalent crotalid antivenom CroFab,82.1,yes
P0CJ41,Trimeresurus albolabris,SVSP,0.7069,yes,Agkistrodon Salmusa Antivenom|Antilachesico Monovalente|Antiofidico Bothropico Polivalente|Antiofidico Polivalente Botropico Laquetico|Antiofidico Polivalente CDBiotecnologia|Antivipmyn|Antivipmyn TRI|Faboterapico Polivalente Antiviperino|Mamushi Antivenom Kaketsuken|Polyvalent Antivenom ICP|Polyvalent crotalid antivenom CroFab,84.9,yes
P0DJ62,Bothrops leucurus,PLA2,0.6127,yes,Antibotropico Butantan|Antibotropico CPPI|Antibotropico FUNED|Antibotropico IVB|Antibotropico crotalico Butantan|Antibotropico crotalico FUNED|Antibotropico crotalico IVB|Antibotropico laquetico Butantan|Antibotropico laquetico FUNED|Antibotropico laquetico IVB|Antiveneno Bothropico Tetravalente|Habu antivenom,55.0,no
P0DJF6,Trimeresurus albolabris,SVSP,0.618,yes,Antibotropico Butantan|Antibotropico CPPI|Antibotropico FUNED|Antibotropico IVB|Antibotropico crotalico Butantan|Antibotropico crotalico FUNED|Antibotropico crotalico IVB|Antibotropico laquetico Butantan|Antibotropico laquetico FUNED|Antibotropico laquetico IVB|Antiveneno Bothropico Tetravalente|Habu antivenom|Mamushi Antivenom Kaketsuken,84.9,yes
P0DJF7,Trimeresurus purpureomaculatus,SVSP,0.7684,yes,Agkistrodon halys antivenin|Antibotropico Butantan|Antibotropico CPPI|Antibotropico FUNED|Antibotropico IVB|Antibotropico crotalico Butantan|Antibotropico crotalico FUNED|Antibotropico crotalico IVB|Antibotropico laquetico Butantan|Antibotropico laquetico FUNED|Antibotropico laquetico IVB|Antiveneno Bothropico Tetravalente|Polyvalent Antisnake Venom|Polyvalent Snake Antivenin Asia|Snake Venom Antiserum IP Asia|Snake antivenin IP Asia,89.5,yes
P0DJH2,Trimeresurus albolabris,SVMP,0.0,no,,0.0,no
P0DJK0,Atractaspis irregularis,3FTx,0.0,no,,0.0,no
P0DJL1,Trimeresurus albolabris,OTHER,0.0,no,,0.0,no
P0DKR3,Pseudocerastes fieldi,3FTx,0.5639,no,,87.7,yes
P0DKR5,Pseudocerastes fieldi,3FTx,0.8266,yes,Viper Venom Antitoxin|Viper venom antitoxin European|Viperfav,93.4,yes
P0DM39,Trimeresurus albolabris,OTHER,0.6639,yes,Antibotropico crotalico Butantan|Antibotropico crotalico FUNED|Antibotropico crotalico IVB|Anticrotalico Butantan|Anticrotalico FUNED|Anticrotalico IVB|Anticrotalico Monovalente|Antiofidico Polivalente|Antiofidico Polivalente BIOL|Antiofidico Polivalente Botropico Crotalico|Antiveneno Bothropico Crotalico|Antiveneno Crotalico|Antivipmyn TRI,77.7,no
P0DM43,Protobothrops jerdonii,SVSP,0.857,yes,Agkistrodon Salmusa Antivenom|Agkistrodon halys antivenin|Antibotropico Butantan|Antibotropico CPPI|Antibotropico FUNED|Antibotropico IVB|Antibotropico crotalico Butantan|Antibotropico crotalico FUNED|Antibotropico crotalico IVB|Antibotropico laquetico Butantan|Antibotropico laquetico FUNED|Antibotropico laquetico IVB|Antilachesico Monovalente|Antiofidico Polivalente Botropico Laquetico|Antiofidico Polivalente CDBiotecnologia|Antiveneno Bothropico Tetravalente|Antivipmyn|Antivipmyn TRI|Polyvalent Antisnake Venom|Polyvalent Snake Antivenin Asia|Polyvalent crotalid antivenom CroFab|Snake Venom Antiserum IP Asia|Snake antivenin IP Asia,85.7,yes
P0DM87,Trimeresurus stejnegeri,SVMP,0.8192,yes,Agkistrodon Salmusa Antivenom|Agkistrodon halys antivenin|Antibotropico Butantan|Antibotropico CPPI|Antibotropico FUNED|Antibotropico IVB|Antibotropico Polivalente|Antibotropico crotalico Butantan|Antibotropico crotalico FUNED|Antibotropico crotalico IVB|Antibotropico laquetico Butantan|Antibotropico laquetico FUNED|Antibotropico laquetico IVB|Antiofidico Polivalente Botropico Crotalico|Antiofidico Polivalente Botropico Laquetico|Antiveneno Bothropico Tetravalente|Haemato polyvalent snake antivenom QSMI|Malayan pit viper antivenin QSMI|Polyvalent Anti Snake Venom|Polyvalent Snake Antivenom|Polyvalent crotalid antivenom CroFab,82.4,yes
P0DM88,Protobothrops jerdonii,SVMP,0.189,no,,25.1,no
P0DMU0,Protobothrops jerdonii,SVSP,0.762,yes,Agkistrodon Salmusa Antivenom|Agkistrodon halys antivenin,76.2,no
P0DMU1,Protobothrops jerdonii,SVSP,0.8,yes,Agkistrodon Salmusa Antivenom|Agkistrodon halys antivenin|Antivipmyn|Polyvalent Antisnake Venom|Polyvalent Snake Antivenin Asia|Polyvalent crotalid antivenom CroFab|Snake Venom Antiserum IP Asia|Snake antivenin IP Asia,80.0,yes
P0DRJ8,Bitis nasicornis,SVMP,0.0,no,,0.0,no
P0DW97,Daboia palaestinae,VEGF,0.9144,yes,Haemato polyvalent snake antivenom QSMI|Russells viper antivenin QSMI|Viper Venom Antitoxin|Viper antivenin|Viper venom antitoxin European|Viperfav,96.4,yes
P14556,Naja pallida,3FTx,0.612,yes,SAIMR Polyvalent Snake antivenom,91.5,yes
P20897,Crotalus ruber,SVMP,0.768,yes,Antivipmyn|Polyvalent crotalid antivenom CroFab,76.8,no
P81743,Eristocophis macmahoni,Disintegrin,0.5612,no,,77.9,no
P82893,Trimeresurus stejnegeri,PLA2,0.0,no,,0.0,no
P84788,Protobothrops elegans,SVSP,0.5197,no,,85.2,yes
P86497,Bitis rhinoceros,SVSP,0.337,no,,33.7,no
P86974,Bothrops leucurus,PLA2,0.87,yes,Antibotropico Butantan|Antibotropico CPPI|Antibotropico FUNED|Antibotropico IVB|Antibotropico Polivalente|Antibotropico crotalico Butantan|Antibotropico crotalico FUNED|Antibotropico crotalico IVB|Antibotropico laquetico Butantan|Antibotropico laquetico FUNED|Antibotropico laquetico IVB|Antiofidico Bothropico Polivalente|Antiofidico Polivalente CDBiotecnologia|Antiveneno Bothropico Tetravalente|Antivipmyn|Antivipmyn TRI|Faboterapico Polivalente Antiviperino|Polyvalent Antivenom ICP|Polyvalent crotalid antivenom CroFab,87.0,yes
Q2PG81,Protobothrops elegans,PLA2,0.812,yes,Antibotropico Butantan|Antibotropico CPPI|Antibotropico FUNED|Antibotropico IVB|Antibotropico crotalico Butantan|Antibotropico crotalico FUNED|Antibotropico crotalico IVB|Antibotropico laquetico Butantan|Antibotropico laquetico FUNED|Antibotropico laquetico IVB|Antiveneno Bothropico Tetravalente|Antivenom Tr mucrosquamatus stejnegeri|Habu antivenom|Haemato polyvalent snake antivenom QSMI|Malayan pit viper antivenin QSMI|Polyvalent Anti Snake Venom,92.8,yes
Q6H3C5,Trimeresurus stejnegeri,PLA2,0.3414,no,,60.9,no
Q6H3C6,Trimeresurus stejnegeri,PLA2,0.8035,yes,Agkistrodon Acutus antivenin|Agkistrodon Salmusa Antivenom|Agkistrodon halys antivenin|Antiveneno Bothropico Bivalente|Antiveneno Bothropico Tetravalente|Monovalent Antivenin Snorkel Viper,83.1,yes
Q6H3C7,Trimeresurus stejnegeri,PLA2,0.7659,yes,Agkistrodon Salmusa Antivenom|Antibotropico Polivalente|Haemato polyvalent snake antivenom QSMI|Malayan pit viper antivenin QSMI|Polyvalent Anti Snake Venom,99.3,yes
Q6H3C9,Trimeresurus stejnegeri,PLA2,0.7591,yes,Agkistrodon Salmusa Antivenom|Antibotropico Butantan|Antibotropico CPPI|Antibotropico FUNED|Antibotropico IVB|Antibotropico crotalico Butantan|Antibotropico crotalico FUNED|Antibotropico crotalico IVB|Antibotropico laquetico Butantan|Antibotropico laquetico FUNED|Antibotropico laquetico IVB|Antiveneno Bothropico Tetravalente|Antivipmyn|Habu antivenom|Polyvalent crotalid antivenom CroFab,79.0,no
Q6H3D1,Trimeresurus stejnegeri,PLA2,0.0,no,,0.0,no
Q6H3D2,Trimeresurus stejnegeri,PLA2,0.0,no,,0.0,no
Q6H3D3,Trimeresurus stejnegeri,PLA2,0.5398,no,,80.4,yes
Q6H3D4,Trimeresurus stejnegeri,PLA2,0.545,no,,81.2,yes
Q6H3D5,Trimeresurus stejnegeri,PLA2,0.0,no,,0.0,no
Q6H3D6,Trimeresurus stejnegeri,PLA2,0.0,no,,0.0,no
Q6H3D7,Trimeresurus stejnegeri,PLA2,0.0,no,,0.0,no
Q6WP39,Trimeresurus stejnegeri,LAAO,0.91,yes,Agkistrodon halys antivenin|Antibotropico Butantan|Antibotropico CPPI|Antibotropico FUNED|Antibotropico IVB|Antibotropico Polivalente|Antibotropico crotalico Butantan|Antibotropico crotalico FUNED|Antibotropico crotalico IVB|Antibotropico laquetico Butantan|Antibotropico laquetico FUNED|Antibotropico laquetico IVB|Antiofidico Bothropico Polivalente|Antiofidico Polivalente Botropico Crotalico|Antiofidico Polivalente Botropico Laquetico|Antiofidico Polivalente CDBiotecnologia|Antivipmyn|Banded krait antivenin QSMI|CSL Black Snake antivenom|CSL Polyvalent antivenom|CSL Taipan antivenom|CSL Tiger Snake antivenom|Habu antivenom|Haemato polyvalent snake antivenom QSMI|Malayan pit viper antivenin QSMI|Mamushi Antivenom Kaketsuken|Neuro polyvalent snake antivenom QSMI|Polyvalent Anti Snake Venom|Polyvalent Antisnake Venom|Polyvalent Snake Antivenin Asia|Polyvalent crotalid antivenom CroFab|Snake Venom Antiserum IP Asia|Snake antivenin IP Asia,90.1,yes
Q7T1R0,Bungarus flaviceps,3FTx,0.5994,yes,Antivenom B multicinctus N n naja|Bungarus Antivenom|Bungarus multicinctus antivenin,77.6,no
Q7T1R1,Bungarus flaviceps,3FTx,0.6844,yes,Malayan krait antivenin QSMI|Neuro polyvalent snake antivenom QSMI|Polyvalent Antisnake Venom|Polyvalent Snake Antivenin Asia|Snake Venom Antiserum IP Asia|Snake antivenin IP Asia,82.3,yes
Q7ZZM2,Protobothrops jerdonii,Disintegrin,0.628,yes,Haemato polyvalent snake antivenom QSMI|Russells viper antivenin QSMI|Viper antivenin,100.0,yes
Q8JIY9,Protobothrops jerdonii,PLA2,0.7771,yes,Antivenom Tr mucrosquamatus stejnegeri,90.6,yes
Q98996,Daboia palaestinae,PLA2,0.5548,no,,87.0,yes
X5ICI2,Gloydius tsushimaensis,VEGF,0.7103,yes,Antibotropico Butantan|Antibotropico CPPI|Antibotropico FUNED|Antibotropico IVB|Antibotropico crotalico Butantan|Antibotropico crotalico FUNED|Antibotropico crotalico IVB|Antibotropico laquetico Butantan|Antibotropico laquetico FUNED|Antibotropico laquetico IVB|Antiveneno Bothropico Tetravalente|Antivenom Tr mucrosquamatus stejnegeri|Antivipmyn|FAV Afrique|Favirept|Polyvalent Snake Antivenom|Polyvalent crotalid antivenom CroFab|SAIMR Polyvalent Snake antivenom,84.2,yes
A0A077L7X3,Protobothrops elegans,SVMP,0.799,yes,Habu antivenom|Polyvalent Antisnake Venom|Polyvalent Snake Antivenin Asia|Polyvalent crotalid antivenom CroFab|Snake Venom Antiserum IP Asia|Snake antivenin IP Asia,98.0,yes
A0A077LA46,Protobothrops elegans,SVSP,0.9282,yes,Agkistrodon Acutus antivenin|Agkistrodon Salmusa Antivenom|Antibotropico Butantan|Antibotropico CPPI|Antibotropico FUNED|Antibotropico IVB|Antibotropico crotalico Butantan|Antibotropico crotalico FUNED|Antibotropico crotalico IVB|Antibotropico laquetico Butantan|Antibotropico laquetico FUNED|Antibotropico laquetico IVB|Antiveneno Bothropico Tetravalente|Antivenom Tr mucrosquamatus stejnegeri|Antivipmyn|Mamushi Antivenom Kaketsuken|Monovalent Antivenin Snorkel Viper|Polyvalent crotalid antivenom CroFab,95.3,yes
A0A077LCZ4,Protobothrops elegans,OTHER,0.659,yes,Antibotropico Butantan|Antibotropico CPPI|Antibotropico FUNED|Antibotropico IVB|Antibotropico Polivalente|Antibotropico crotalico Butantan|Antibotropico crotalico FUNED|Antibotropico crotalico IVB|Antibotropico laquetico Butantan|Antibotropico laquetico FUNED|Antibotropico laquetico IVB|Antiofidico Bothropico Polivalente|Antiofidico Polivalente Botropico Crotalico|Antiofidico Polivalente Botropico Laquetico|Antiofidico Polivalente CDBiotecnologia,80.8,yes
A0A193CHI7,Crotalus tzabcan,OTHER,0.9114,yes,Antivipmyn|Polyvalent crotalid antivenom CroFab,97.1,yes
A0A193CHJ1,Crotalus tzabcan,OTHER,0.957,yes,Antivipmyn|Faboterapico Polivalente Antiviperino|Polyvalent Antivenom ICP|Polyvalent crotalid antivenom CroFab,100.0,yes
A0A193CHJ3,Crotalus tzabcan,OTHER,0.5666,no,,88.4,yes
A0A898IKL9,Calliophis bivirgatus,SVMP,0.769,yes,Polyvalent Antisnake Venom|Polyvalent Snake Antivenin Asia|Polyvalent crotalid antivenom CroFab|Snake Venom Antiserum IP Asia|Snake antivenin IP Asia,83.1,yes
A0A898ILA7,Calliophis bivirgatus,SVMP,0.769,yes,Polyvalent Antisnake Venom|Polyvalent Snake Antivenin Asia|Polyvalent crotalid antivenom CroFab|Snake Venom Antiserum IP Asia|Snake antivenin IP Asia,81.6,yes
A0A898ILG0,Calliophis bivirgatus,SVMP,0.763,yes,Polyvalent Antisnake Venom|Polyvalent Snake Antivenin Asia|Polyvalent crotalid antivenom CroFab|Snake Venom Antiserum IP Asia|Snake antivenin IP Asia,81.5,yes
A0A898INF1,Calliophis bivirgatus,SVMP,0.801,yes,Polyvalent Antisnake Venom|Polyvalent Snake Antivenin Asia|Polyvalent crotalid antivenom CroFab|Snake Venom Antiserum IP Asia|Snake antivenin IP Asia,84.0,yes
A7LAC6,Trimeresurus albolabris,SVSP,0.6623,yes,Agkistrodon Salmusa Antivenom|Habu antivenom|Mamushi Antivenom Kaketsuken|Viper Venom Antitoxin|Viper venom antitoxin European|Viperfav,85.0,yes
A7LAC7,Trimeresurus albolabris,SVSP,0.6649,yes,Agkistrodon halys antivenin|Polyvalent crotalid antivenom CroFab,84.6,yes
C0HJM5,Cerrophidion sasai,Disintegrin,0.861,yes,Agkistrodon Salmusa Antivenom|Agkistrodon halys antivenin|Antibotropico Butantan|Antibotropico CPPI|Antibotropico FUNED|Antibotropico IVB|Antibotropico crotalico Butantan|Antibotropico crotalico FUNED|Antibotropico crotalico IVB|Antibotropico laquetico Butantan|Antibotropico laquetico FUNED|Antibotropico laquetico IVB|Antivipmyn|Mamushi Antivenom Kaketsuken|Polyvalent crotalid antivenom CroFab,93.2,yes
C0HJR1,Micrurus mipartitus,3FTx,0.0,no,,0.0,no
C0HJR2,Micrurus mipartitus,3FTx,0.0,no,,0.0,no
D5J9R7,Bungarus flaviceps,3FTx,0.5684,no,,78.2,no
D5J9R8,Bungarus flaviceps,3FTx,0.0,no,,0.0,no
D8MIA0,Bitis rhinoceros,SVSP,0.772,yes,FAV Afrique|SAIMR Echis antivenom,99.6,yes
D8MIA1,Bitis rhinoceros,SVSP,0.737,yes,FAV Afrique|SAIMR Echis antivenom|SAIMR Polyvalent Snake antivenom,93.8,yes
D8MIA2,Bitis rhinoceros,SVSP,0.752,yes,Polyvalent Snake Antivenom,77.9,no
D8MIA3,Bitis rhinoceros,SVSP,0.5189,no,,74.2,no
E2DQZ5,Protobothrops jerdonii,OTHER,0.8604,yes,Antivenom Tr mucrosquamatus stejnegeri|Habu antivenom,90.5,yes
E2DQZ6,Protobothrops jerdonii,OTHER,0.623,yes,Antivenom Tr mucrosquamatus stejnegeri|Habu antivenom,96.8,yes
E5AJX2,Vipera nikolskii,SVSP,0.637,yes,Viper Venom Antitoxin|Viper venom antitoxin European|Viperfav,97.7,yes
F8QN50,Vipera renardi,3FTx,0.8334,yes,Anti viper anti adder venom|Viper Venom Antitoxin|Viper venom antitoxin European|Viperfav,96.4,yes
F8QN52,Vipera renardi,PLA2,0.6078,yes,Polyvalent Antisnake Venom|Polyvalent Snake Antivenin Asia|Snake Venom Antiserum IP Asia|Snake antivenin IP Asia,87.7,yes
I7ICN3,Bitis rhinoceros,CTL,0.0,no,,0.0,no
I7JUQ0,Bitis rhinoceros,CTL,0.0,no,,0.0,no
M5BGS2,Atheris squamigera,Disintegrin,0.6135,yes,FAV Afrique|SAIMR Polyvalent Snake antivenom,84.7,yes
M5BGY5,Atheris chlorechis,Disintegrin,0.6265,yes,FAV Afrique|Polyvalent Antisnake Venom|Polyvalent Snake Antivenin Asia|Polyvalent Snake Antivenom Asia|Polyvalent Snake Antivenom Razi|SAIMR Polyvalent Snake antivenom|Snake Venom Antiserum IP Asia|Snake antivenin IP Asia,85.6,yes
P01389,Naja anchietae,3FTx,0.6449,yes,King cobra antivenin QSMI|Neuro polyvalent snake antivenom QSMI,93.1,yes
P01426,Naja pallida,3FTx,0.8576,yes,Bivalent Naja Walterinnesia Snake AV|Cobra Antivenin QSMI|Cobra antivenin|FAV Afrique|Favirept|Monovalent Naja philippinensis Cobra Antivenin|Neuro polyvalent snake antivenom QSMI|Polyvalent Anti Snake Venom|Polyvalent Snake Antivenom|Polyvalent Snake Antivenom Razi|Polyvalent Snake Antivenom VACSERA|SAIMR Polyvalent Snake antivenom|SAV Naja,88.5,yes
P01468,Naja pallida,3FTx,0.8999,yes,Antivenom B multicinctus N n naja|Bivalent Naja Walterinnesia Snake AV|FAV Afrique|Favirept|Naja naja atra antivenom|Polyvalent Antisnake Venom|Polyvalent Snake Antivenin Asia|Polyvalent Snake Antivenom|Polyvalent Snake Antivenom Asia|Polyvalent Snake Antivenom Razi|Polyvalent Snake Antivenom VACSERA|SAIMR Polyvalent Snake antivenom|Snake Venom Antiserum IP Asia|Snake antivenin IP Asia,98.3,yes
P0C6E2,Daboia palaestinae,Disintegrin,0.6752,yes,Anti viperin|FAV Afrique|Gamma Vip|Polyvalent Snake Antivenom Razi|SAIMR Echis antivenom,92.7,yes
P0DJ87,Bothrops leucurus,SVMP,0.408,no,,45.8,no
P0DJF4,Trimeresurus albolabris,SVSP,0.818,yes,Agkistrodon halys antivenin|Antibotropico Butantan|Antibotropico CPPI|Antibotropico FUNED|Antibotropico IVB|Antibotropico crotalico Butantan|Antibotropico crotalico FUNED|Antibotropico crotalico IVB|Antibotropico laquetico Butantan|Antibotropico laquetico FUNED|Antibotropico laquetico IVB|Anticrotalico Butantan|Anticrotalico FUNED|Anticrotalico IVB|Anticrotalico Monovalente|Antiofidico Polivalente|Antiofidico Polivalente BIOL|Antiofidico Polivalente Botropico Crotalico|Antiveneno Bothropico Crotalico|Antiveneno Bothropico Tetravalente|Antiveneno Crotalico|Antivipmyn|Antivipmyn TRI|Polyvalent Antisnake Venom|Polyvalent Snake Antivenin Asia|Polyvalent crotalid antivenom CroFab|Snake Venom Antiserum IP Asia|Snake antivenin IP Asia,81.8,yes
P0DJF5,Trimeresurus albolabris,SVSP,0.821,yes,Agkistrodon Salmusa Antivenom|Antiofidico Bothropico Polivalente|Antiofidico Polivalente CDBiotecnologia|Antivipmyn|Antivipmyn TRI|Faboterapico Polivalente Antiviperino|Mamushi Antivenom Kaketsuken|Polyvalent Antivenom ICP|Polyvalent crotalid antivenom CroFab,86.8,yes
P0DJK1,Atractaspis irregularis,3FTx,0.0,no,,0.0,no
P0DJL2,Trimeresurus purpureomaculatus,OTHER,0.3179,no,,64.7,no
P0DJL3,Trimeresurus purpureomaculatus,OTHER,0.3212,no,,64.4,no
P0DJL4,Daboia palaestinae,OTHER,0.0,no,,0.0,no
P0DJL5,Daboia palaestinae,OTHER,0.0,no,,0.0,no
P0DJM6,Protobothrops mangshanensis,3FTx,0.5089,no,,78.3,no
P0DJP6,Trimeresurus stejnegeri,PLA2,0.0,no,,0.0,no
P0DJP7,Trimeresurus stejnegeri,PLA2,0.2643,no,,16.1,no
P0DJP8,Trimeresurus stejnegeri,PLA2,0.2797,no,,17.1,no
P0DJP9,Trimeresurus stejnegeri,PLA2,0.4986,no,,73.9,no
P0DJQ0,Trimeresurus stejnegeri,PLA2,0.2807,no,,16.4,no
P0DJQ2,Trimeresurus stejnegeri,PLA2,0.6204,yes,Antivipmyn|Polyvalent crotalid antivenom CroFab,82.6,yes
P0DKL8,Vipera renardi,SVSP,0.5212,no,,76.5,no
P0DKR4,Pseudocerastes fieldi,3FTx,0.131,no,,13.1,no
P0DL82,Calliophis bivirgatus,3FTx,0.0,no,,0.0,no
P0DM38,Trimeresurus albolabris,OTHER,0.7494,yes,Antivenom Tr mucrosquamatus stejnegeri|Habu antivenom,86.7,yes
P0DRJ9,Bitis nasicornis,SVMP,0.051,no,,5.1,no
P0DRK0,Bitis rhinoceros,SVMP,0.0,no,,0.0,no
P13211,Atractaspis engaddensis,3FTx,0.0,no,,0.0,no
P22826,Eristocophis macmahoni,Disintegrin,0.0,no,,0.0,no
P24541,Eristocophis macmahoni,SVSP,0.3971,no,,88.2,yes
P24644,Calliophis bivirgatus,3FTx,0.2349,no,,25.2,no
P24645,Calliophis bivirgatus,3FTx,0.246,no,,24.4,no
P34074,Naja annulata,3FTx,0.8438,yes,Bivalent Naja Walterinnesia Snake AV|Cobra Antivenin QSMI|Cobra antivenin|FAV Afrique|Favirept|Neuro polyvalent snake antivenom QSMI|Polyvalent Antisnake Venom|Polyvalent Snake Antivenin Asia|Polyvalent Snake Antivenom|Polyvalent Snake Antivenom Asia|Polyvalent Snake Antivenom VACSERA|SAIMR Polyvalent Snake antivenom|SAV Naja|Snake Venom Antiserum IP Asia|Snake antivenin IP Asia,91.5,yes
P34076,Naja christyi,3FTx,0.6037,yes,Polyvalent Antisnake Venom|Polyvalent Snake Antivenin Asia|Polyvalent Snake Antivenom Asia|Snake Venom Antiserum IP Asia|Snake antivenin IP Asia,83.9,yes
P60623,Trimeresurus stejnegeri,3FTx,0.4471,no,,86.2,yes
P62384,Trimeresurus albolabris,Disintegrin,0.795,yes,Agkistrodon halys antivenin|Antibotropico Butantan|Antibotropico CPPI|Antibotropico FUNED|Antibotropico IVB|Antibotropico crotalico Butantan|Antibotropico crotalico FUNED|Antibotropico crotalico IVB|Antibotropico laquetico Butantan|Antibotropico laquetico FUNED|Antibotropico laquetico IVB|Mamushi Antivenom Kaketsuken,87.7,yes
P81111,Trimeresurus albolabris,OTHER,0.0,no,,0.0,no
P81112,Trimeresurus albolabris,OTHER,0.3195,no,,67.1,no
P81113,Trimeresurus albolabris,OTHER,0.0,no,,0.0,no
P81114,Trimeresurus albolabris,OTHER,0.658,yes,Agkistrodon Acutus antivenin|Monovalent Antivenin Snorkel Viper,65.8,no
P81115,Trimeresurus albolabris,OTHER,0.5977,yes,Antivenom Tr mucrosquamatus stejnegeri,76.9,no
P81116,Trimeresurus albolabris,OTHER,0.427,no,,76.7,no
P81742,Eristocophis macmahoni,Disintegrin,0.625,yes,Anti viperin|Gamma Vip|Polyvalent Snake Antivenom Razi,88.4,yes
P83345,Naja sagittifera,3FTx,0.8989,yes,Antivenom B multicinctus N n naja|Cobra Antivenin QSMI|Cobra antivenin|FAV Afrique|Naja naja atra antivenom|Neuro polyvalent snake antivenom QSMI|Polyvalent Antisnake Venom|Polyvalent Snake Antivenin Asia|Polyvalent Snake Antivenom Asia|Polyvalent Snake Antivenom Razi|SAIMR Polyvalent Snake antivenom|SAV Naja|Snake Venom Antiserum IP Asia|Snake antivenin IP Asia,91.7,yes
P85005,Proatheris superciliaris,SVMP,0.0,no,,0.0,no
P86094,Micrurus surinamensis,3FTx,0.0,no,,0.0,no
P86095,Micrurus surinamensis,3FTx,0.5298,no,,71.7,no
P86096,Micrurus surinamensis,3FTx,0.0,no,,0.0,no
P86097,Micrurus surinamensis,3FTx,0.0,no,,0.0,no
P86098,Micrurus surinamensis,3FTx,0.0,no,,0.0,no
P86099,Micrurus surinamensis,3FTx,0.0,no,,0.0,no
P86975,Bothrops leucurus,PLA2,0.6327,yes,Antibotropico Polivalente|Antibotropico bivalente|Antiofidico Polivalente BIOL|Antiveneno Bothropico Bivalente|Antiveneno Bothropico Crotalico|Antiveneno Bothropico Tetravalente,93.4,yes
Q2PG83,Protobothrops elegans,PLA2,0.6771,yes,Antibotropico Butantan|Antibotropico CPPI|Antibotropico FUNED|Antibotropico IVB|Antibotropico crotalico Butantan|Antibotropico crotalico FUNED|Antibotropico crotalico IVB|Antibotropico laquetico Butantan|Antibotropico laquetico FUNED|Antibotropico laquetico IVB|Antivipmyn|Habu antivenom|Polyvalent crotalid antivenom CroFab,90.6,yes
Q3HTN1,Trimeresurus stejnegeri,SVMP,0.739,yes,Antibotropico Butantan|Antibotropico CPPI|Antibotropico FUNED|Antibotropico IVB|Antibotropico Polivalente|Antibotropico crotalico Butantan|Antibotropico crotalico FUNED|Antibotropico crotalico IVB|Antibotropico laquetico Butantan|Antibotropico laquetico FUNED|Antibotropico laquetico IVB|Antiofidico Bothropico Polivalente|Antiofidico Polivalente Botropico Crotalico|Antiofidico Polivalente Botropico Laquetico|Antiofidico Polivalente CDBiotecnologia|Antiveneno Bothropico Tetravalente|Antivipmyn|Antivipmyn TRI|Faboterapico Polivalente Antiviperino|Habu antivenom|Polyvalent Antivenom ICP|Polyvalent Snake Antivenom|Polyvalent crotalid antivenom CroFab,77.4,no
Q3HTN2,Trimeresurus stejnegeri,SVMP,0.732,yes,Antibotropico Butantan|Antibotropico CPPI|Antibotropico FUNED|Antibotropico IVB|Antibotropico Polivalente|Antibotropico crotalico Butantan|Antibotropico crotalico FUNED|Antibotropico crotalico IVB|Antibotropico laquetico Butantan|Antibotropico laquetico FUNED|Antibotropico laquetico IVB|Antiofidico Bothropico Polivalente|Antiofidico Polivalente Botropico Crotalico|Antiofidico Polivalente Botropico Laquetico|Antiofidico Polivalente CDBiotecnologia|Antiveneno Bothropico Tetravalente|Antivipmyn|Antivipmyn TRI|Faboterapico Polivalente Antiviperino|Habu antivenom|Polyvalent Antivenom ICP|Polyvalent crotalid antivenom CroFab,77.0,no
Q71QH5,Trimeresurus stejnegeri,SVSP,0.8291,yes,Antivenom Tr mucrosquamatus stejnegeri|Antivipmyn|Polyvalent crotalid antivenom CroFab,85.6,yes
Q71QH6,Trimeresurus stejnegeri,SVSP,0.7582,yes,Agkistrodon Salmusa Antivenom|Antivenom Tr mucrosquamatus stejnegeri|Mamushi Antivenom Kaketsuken|Viper Venom Antitoxin|Viper venom antitoxin European|Viperfav,81.4,yes
Q71QH7,Trimeresurus stejnegeri,SVSP,0.7223,yes,Agkistrodon Salmusa Antivenom|Antibotropico Butantan|Antibotropico CPPI|Antibotropico FUNED|Antibotropico IVB|Antibotropico Polivalente|Antibotropico crotalico Butantan|Antibotropico crotalico FUNED|Antibotropico crotalico IVB|Antibotropico laquetico Butantan|Antibotropico laquetico FUNED|Antibotropico laquetico IVB|Antilachesico Monovalente|Antiofidico Bothropico Polivalente|Antiofidico Polivalente Botropico Crotalico|Antiofidico Polivalente Botropico Laquetico|Antiofidico Polivalente CDBiotecnologia|Antiveneno Bothropico Tetravalente|Antivipmyn|Antivipmyn TRI|Mamushi Antivenom Kaketsuken|Polyvalent Antivenom ICP,89.1,yes
Q71QH8,Trimeresurus stejnegeri,SVSP,0.8615,yes,Antibotropico Butantan|Antibotropico CPPI|Antibotropico FUNED|Antibotropico IVB|Antibotropico Polivalente|Antibotropico crotalico Butantan|Antibotropico crotalico FUNED|Antibotropico crotalico IVB|Antibotropico laquetico Butantan|Antibotropico laquetico FUNED|Antibotropico laquetico IVB|Anticrotalico Butantan|Anticrotalico FUNED|Anticrotalico IVB|Anticrotalico Monovalente|Antiofidico Bothropico Polivalente|Antiofidico Polivalente|Antiofidico Polivalente BIOL|Antiofidico Polivalente Botropico Crotalico|Antiofidico Polivalente Botropico Laquetico|Antiofidico Polivalente CDBiotecnologia|Antiveneno Bothropico Crotalico|Antiveneno Bothropico Tetravalente|Antiveneno Crotalico|Antivenom Tr mucrosquamatus stejnegeri|Antivipmyn TRI|Habu antivenom|Polyvalent crotalid antivenom CroFab,83.3,yes
Q71QH9,Trimeresurus stejnegeri,SVSP,0.7091,yes,Agkistrodon Salmusa Antivenom|Antibotropico Butantan|Antibotropico CPPI|Antibotropico FUNED|Antibotropico IVB|Antibotropico crotalico Butantan|Antibotropico crotalico FUNED|Antibotropico crotalico IVB|Antibotropico laquetico Butantan|Antibotropico laquetico FUNED|Antibotropico laquetico IVB|Antiveneno Bothropico Tetravalente|Habu antivenom|Viper Venom Antitoxin|Viper venom antitoxin European|Viperfav,80.0,yes
Q71QI0,Trimeresurus stejnegeri,SVSP,0.7127,yes,Agkistrodon Salmusa Antivenom|Antibotropico Butantan|Antibotropico CPPI|Antibotropico FUNED|Antibotropico IVB|Antibotropico crotalico Butantan|Antibotropico crotalico FUNED|Antibotropico crotalico IVB|Antibotropico laquetico Butantan|Antibotropico laquetico FUNED|Antibotropico laquetico IVB|Antiveneno Bothropico Tetravalente|Habu antivenom,92.7,yes
Q71QI1,Trimeresurus stejnegeri,SVSP,0.7515,yes,Agkistrodon Salmusa Antivenom|Antibotropico Polivalente|Antibotropico bivalente|Antiofidico Bivalente Antibothropico|Antiofidico Bothropico Polivalente|Antiofidico Polivalente BIOL|Antiofidico Polivalente Botropico Crotalico|Antiofidico Polivalente Botropico Laquetico|Antiofidico Polivalente CDBiotecnologia|Antiveneno Bothropico Bivalente|Antiveneno Bothropico Crotalico|Antiveneno Bothropico Tetravalente|Antivipmyn|Polyvalent Antivenom ICP|Polyvalent crotalid antivenom CroFab,81.8,yes
Q71QI2,Trimeresurus stejnegeri,SVSP,0.7369,yes,Agkistrodon Salmusa Antivenom|Antibotropico Butantan|Antibotropico CPPI|Antibotropico FUNED|Antibotropico IVB|Antibotropico Polivalente|Antibotropico crotalico Butantan|Antibotropico crotalico FUNED|Antibotropico crotalico IVB|Antibotropico laquetico Butantan|Antibotropico laquetico FUNED|Antibotropico laquetico IVB|Antiofidico Bothropico Polivalente|Antiofidico Polivalente Botropico Crotalico|Antiofidico Polivalente Botropico Laquetico|Antiofidico Polivalente CDBiotecnologia|Antiveneno Bothropico Tetravalente|FAV Afrique|Polyvalent Antivenom ICP|Polyvalent crotalid antivenom CroFab|SAIMR Echis antivenom,85.7,yes
Q71QI3,Trimeresurus stejnegeri,SVSP,0.6432,yes,Antivenom Tr mucrosquamatus stejnegeri|Polyvalent Antivenom ICP|Polyvalent crotalid antivenom CroFab,83.7,yes
Q71QI4,Trimeresurus stejnegeri,SVSP,0.7499,yes,Agkistrodon Salmusa Antivenom|Antibotropico Butantan|Antibotropico CPPI|Antibotropico FUNED|Antibotropico IVB|Antibotropico crotalico Butantan|Antibotropico crotalico FUNED|Antibotropico crotalico IVB|Antibotropico laquetico Butantan|Antibotropico laquetico FUNED|Antibotropico laquetico IVB|Antiveneno Bothropico Tetravalente|Habu antivenom|Viper Venom Antitoxin|Viper venom antitoxin European|Viperfav,80.4,yes
Q71QI5,Trimeresurus stejnegeri,SVSP,0.7467,yes,Agkistrodon Salmusa Antivenom|Antivenom Tr mucrosquamatus stejnegeri|Antivipmyn|Polyvalent crotalid antivenom CroFab,85.2,yes
Q71QI6,Trimeresurus stejnegeri,SVSP,0.8288,yes,Antivenom Tr mucrosquamatus stejnegeri|Polyvalent crotalid antivenom CroFab|Viper Venom Antitoxin|Viper venom antitoxin European|Viperfav,77.4,no
Q71QI7,Trimeresurus stejnegeri,SVSP,0.7609,yes,Agkistrodon Salmusa Antivenom|Antivenom Tr mucrosquamatus stejnegeri|Antivipmyn|Mamushi Antivenom Kaketsuken|Polyvalent crotalid antivenom CroFab,84.0,yes
Q71QI8,Trimeresurus stejnegeri,SVSP,0.7602,yes,Antibotropico Butantan|Antibotropico CPPI|Antibotropico FUNED|Antibotropico IVB|Antibotropico Polivalente|Antibotropico crotalico Butantan|Antibotropico crotalico FUNED|Antibotropico crotalico IVB|Antibotropico laquetico Butantan|Antibotropico laquetico FUNED|Antibotropico laquetico IVB|Antiofidico Bothropico Polivalente|Antiofidico Polivalente Botropico Crotalico|Antiofidico Polivalente Botropico Laquetico|Antiofidico Polivalente CDBiotecnologia|Antiveneno Bothropico Tetravalente|Antivenom Tr mucrosquamatus stejnegeri|Antivipmyn|Polyvalent crotalid antivenom CroFab,86.8,yes
Q71QI9,Trimeresurus stejnegeri,SVSP,0.8033,yes,Agkistrodon Salmusa Antivenom|Antibotropico Butantan|Antibotropico CPPI|Antibotropico FUNED|Antibotropico IVB|Antibotropico crotalico Butantan|Antibotropico crotalico FUNED|Antibotropico crotalico IVB|Antibotropico laquetico Butantan|Antibotropico laquetico FUNED|Antibotropico laquetico IVB|Antiveneno Bothropico Tetravalente|Antivenom Tr mucrosquamatus stejnegeri|Habu antivenom,78.2,no
Q71QJ0,Trimeresurus stejnegeri,SVSP,0.8156,yes,Antibotropico Butantan|Antibotropico CPPI|Antibotropico FUNED|Antibotropico IVB|Antibotropico Polivalente|Antibotropico crotalico Butantan|Antibotropico crotalico FUNED|Antibotropico crotalico IVB|Antibotropico laquetico Butantan|Antibotropico laquetico FUNED|Antibotropico laquetico IVB|Antiofidico Bothropico Polivalente|Antiofidico Polivalente Botropico Crotalico|Antiofidico Polivalente Botropico Laquetico|Antiofidico Polivalente CDBiotecnologia|Antivenom Tr mucrosquamatus stejnegeri|Antivipmyn|Polyvalent Snake Antivenom|Polyvalent crotalid antivenom CroFab,85.2,yes
Q71QJ1,Trimeresurus stejnegeri,SVSP,0.5826,yes,Polyvalent crotalid antivenom CroFab,86.0,yes
Q71QJ2,Trimeresurus stejnegeri,SVSP,0.743,yes,Agkistrodon Salmusa Antivenom|Antibotropico Butantan|Antibotropico CPPI|Antibotropico FUNED|Antibotropico IVB|Antibotropico crotalico Butantan|Antibotropico crotalico FUNED|Antibotropico crotalico IVB|Antibotropico laquetico Butantan|Antibotropico laquetico FUNED|Antibotropico laquetico IVB|Antiveneno Bothropico Tetravalente|Habu antivenom,80.8,yes
Q71QJ3,Trimeresurus stejnegeri,SVSP,0.5743,yes,Antivipmyn|Polyvalent crotalid antivenom CroFab,86.8,yes
Q71QJ4,Trimeresurus stejnegeri,SVSP,0.7222,yes,Agkistrodon Salmusa Antivenom|Antibotropico Butantan|Antibotropico CPPI|Antibotropico FUNED|Antibotropico IVB|Antibotropico bivalente|Antibotropico crotalico Butantan|Antibotropico crotalico FUNED|Antibotropico crotalico IVB|Antibotropico laquetico Butantan|Antibotropico laquetico FUNED|Antibotropico laquetico IVB|Antiofidico Bivalente Antibothropico|Antiofidico Polivalente BIOL|Antiveneno Bothropico Bivalente|Antiveneno Bothropico Crotalico|Antiveneno Bothropico Tetravalente|Mamushi Antivenom Kaketsuken|Polyvalent Snake Antivenom|Polyvalent crotalid antivenom CroFab|Viper Venom Antitoxin|Viper venom antitoxin European|Viperfav,83.8,yes
Q71RQ7,Trimeresurus stejnegeri,OTHER,0.5656,no,,80.1,yes
Q7T2Q6,Bungarus flaviceps,3FTx,0.5133,no,,69.4,no
Q8AY78,Trimeresurus stejnegeri,SVSP,0.7615,yes,Agkistrodon Acutus antivenin|Antibotropico Butantan|Antibotropico CPPI|Antibotropico FUNED|Antibotropico IVB|Antibotropico Polivalente|Antibotropico crotalico Butantan|Antibotropico crotalico FUNED|Antibotropico crotalico IVB|Antibotropico laquetico Butantan|Antibotropico laquetico FUNED|Antibotropico laquetico IVB|Antilachesico Monovalente|Antiofidico Bothropico Polivalente|Antiofidico Polivalente Botropico Crotalico|Antiofidico Polivalente Botropico Laquetico|Antiofidico Polivalente CDBiotecnologia|Antiveneno Bothropico Tetravalente|Antivenom Tr mucrosquamatus stejnegeri|Antivipmyn|Antivipmyn TRI|Mamushi Antivenom Kaketsuken|Monovalent Antivenin Snorkel Viper|Polyvalent crotalid antivenom CroFab|Viper Venom Antitoxin|Viper venom antitoxin European|Viperfav,79.5,no
Q8AY82,Trimeresurus stejnegeri,SVSP,0.837,yes,Agkistrodon Salmusa Antivenom|Antibotropico Butantan|Antibotropico CPPI|Antibotropico FUNED|Antibotropico IVB|Antibotropico crotalico Butantan|Antibotropico crotalico FUNED|Antibotropico crotalico IVB|Antibotropico laquetico Butantan|Antibotropico laquetico FUNED|Antibotropico laquetico IVB|Antiveneno Bothropico Tetravalente|Habu antivenom|Viper Venom Antitoxin|Viper venom antitoxin European|Viperfav,92.3,yes
Q9DF66,Protobothrops jerdonii,SVSP,0.7322,yes,Agkistrodon Salmusa Antivenom|Antiofidico Bothropico Polivalente|Antiofidico Polivalente CDBiotecnologia|Antivipmyn|Antivipmyn TRI|Faboterapico Polivalente Antiviperino|Habu antivenom|Mamushi Antivenom Kaketsuken|Polyvalent Antivenom ICP|Polyvalent crotalid antivenom CroFab,85.3,yes
Q9DF68,Protobothrops jerdonii,SVSP,0.7511,yes,Habu antivenom,86.5,yes
Q9PSN7,Crotalus ruber,SVMP,0.3908,no,,67.0,no
Q9PWR6,Daboia palaestinae,PLA2,0.5497,no,,85.5,yes
Q9YGJ7,Daboia palaestinae,PLA2,0.4722,no,,82.6,yes
A0A077L6L4,Protobothrops elegans,OTHER,0.8981,yes,Agkistrodon Salmusa Antivenom|Antibotropico Butantan|Antibotropico CPPI|Antibotropico FUNED|Antibotropico IVB|Antibotropico Polivalente|Antibotropico crotalico Butantan|Antibotropico crotalico FUNED|Antibotropico crotalico IVB|Antibotropico laquetico Butantan|Antibotropico laquetico FUNED|Antibotropico laquetico IVB|Antilachesico Monovalente|Antiofidico Bothropico Polivalente|Antiofidico Polivalente Botropico Crotalico|Antiofidico Polivalente Botropico Laquetico|Antiofidico Polivalente CDBiotecnologia|Antiveneno Bothropico Tetravalente|Antivipmyn TRI|CSL Polyvalent antivenom|CSL Tiger Snake antivenom|Polyvalent Snake Antivenom|Viper Venom Antitoxin|Viper venom antitoxin European|Viperfav,89.7,yes
A0A077L6L9,Protobothrops elegans,SVMP,0.2434,no,,41.8,no
A0A077L7U3,Protobothrops elegans,SVMP,0.171,no,,17.1,no
A0A077LA64,Protobothrops elegans,PDE,0.918,yes,Habu antivenom|Polyvalent crotalid antivenom CroFab,97.8,yes
A0A2P1BSS8,Micrurus mipartitus,3FTx,0.5335,no,,58.5,no
A0A2P1BSS9,Micrurus mipartitus,3FTx,0.4684,no,,69.0,no
A0A2P1BST7,Micrurus mipartitus,3FTx,0.4778,no,,71.4,no
A0A2P1BSU3,Micrurus mipartitus,3FTx,0.5844,yes,Antielapidico Butantan|Antielapidico FUNED|Antiveneno Micrurus,57.1,no
A0A2U8QNR2,Micrurus mipartitus,LAAO,0.8342,yes,Antibotropico Butantan|Antibotropico CPPI|Antibotropico FUNED|Antibotropico IVB|Antibotropico crotalico Butantan|Antibotropico crotalico FUNED|Antibotropico crotalico IVB|Antibotropico laquetico Butantan|Antibotropico laquetico FUNED|Antibotropico laquetico IVB|Antivenom B multicinctus N n naja|Banded krait antivenin QSMI|Bungarus Antivenom|Bungarus multicinctus antivenin|CSL Black Snake antivenom|CSL Polyvalent antivenom|CSL Taipan antivenom|Habu antivenom|Mamushi Antivenom Kaketsuken|Neuro polyvalent snake antivenom QSMI|Polyvalent Anti Snake Venom,81.1,yes
A0A2U8QNR3,Micrurus mipartitus,LAAO,0.8287,yes,Agkistrodon halys antivenin|Antibotropico Butantan|Antibotropico CPPI|Antibotropico FUNED|Antibotropico IVB|Antibotropico crotalico Butantan|Antibotropico crotalico FUNED|Antibotropico crotalico IVB|Antibotropico laquetico Butantan|Antibotropico laquetico FUNED|Antibotropico laquetico IVB|Antivenom B multicinctus N n naja|Banded krait antivenin QSMI|Bungarus Antivenom|Bungarus multicinctus antivenin|CSL Black Snake antivenom|CSL Polyvalent antivenom|CSL Taipan antivenom|Mamushi Antivenom Kaketsuken|Neuro polyvalent snake antivenom QSMI|Polyvalent Anti Snake Venom|Polyvalent Antisnake Venom|Polyvalent Snake Antivenin Asia|Polyvalent Snake Antivenom Asia|Snake Venom Antiserum IP Asia|Snake antivenin IP Asia,81.3,yes
A0A2U8QNR6,Micrurus mipartitus,LAAO,0.838,yes,Agkistrodon halys antivenin|Antibotropico Butantan|Antibotropico CPPI|Antibotropico FUNED|Antibotropico IVB|Antibotropico Polivalente|Antibotropico crotalico Butantan|Antibotropico crotalico FUNED|Antibotropico crotalico IVB|Antibotropico laquetico Butantan|Antibotropico laquetico FUNED|Antibotropico laquetico IVB|Antiofidico Bothropico Polivalente|Antiofidico Polivalente Botropico Crotalico|Antiofidico Polivalente Botropico Laquetico|Antiofidico Polivalente CDBiotecnologia|Banded krait antivenin QSMI|CSL Polyvalent antivenom|CSL Tiger Snake antivenom|Habu antivenom|Haemato polyvalent snake antivenom QSMI|Malayan pit viper antivenin QSMI|Neuro polyvalent snake antivenom QSMI|Polyvalent Anti Snake Venom|Polyvalent Antisnake Venom|Polyvalent Snake Antivenin Asia|Polyvalent Snake Antivenom Asia|Snake Venom Antiserum IP Asia|Snake antivenin IP Asia,81.3,yes
A0A2U8QNR7,Micrurus mipartitus,LAAO,0.8164,yes,Agkistrodon halys antivenin|Antibotropico Butantan|Antibotropico CPPI|Antibotropico FUNED|Antibotropico IVB|Antibotropico crotalico Butantan|Antibotropico crotalico FUNED|Antibotropico crotalico IVB|Antibotropico laquetico Butantan|Antibotropico laquetico FUNED|Antibotropico laquetico IVB|Antivenom B multicinctus N n naja|Bungarus Antivenom|Bungarus multicinctus antivenin|Mamushi Antivenom Kaketsuken|Naja naja atra antivenom,81.1,yes
A0A2U8QNU6,Micrurus mipartitus,LAAO,0.834,yes,Agkistrodon halys antivenin|Antibotropico Butantan|Antibotropico CPPI|Antibotropico FUNED|Antibotropico IVB|Antibotropico crotalico Butantan|Antibotropico crotalico FUNED|Antibotropico crotalico IVB|Antibotropico laquetico Butantan|Antibotropico laquetico FUNED|Antibotropico laquetico IVB|Antivenom B multicinctus N n naja|Banded krait antivenin QSMI|Bungarus Antivenom|Bungarus multicinctus antivenin|CSL Black Snake antivenom|CSL Polyvalent antivenom|CSL Taipan antivenom|Mamushi Antivenom Kaketsuken|Naja naja atra antivenom|Neuro polyvalent snake antivenom QSMI|Polyvalent Anti Snake Venom,81.3,yes
A0A898IKT8,Calliophis bivirgatus,SVMP,0.788,yes,CSL Black Snake antivenom|CSL Brown Snake antivenom|CSL Death Adder antivenom|CSL Polyvalent antivenom|CSL Taipan antivenom|CSL Tiger Snake antivenom|Polyvalent Antisnake Venom|Polyvalent Snake Antivenin Asia|Polyvalent Snake Antivenom Asia|Snake Venom Antiserum IP Asia|Snake antivenin IP Asia,83.2,yes
A0A898ILE9,Calliophis bivirgatus,SVMP,0.778,yes,CSL Brown Snake antivenom,81.9,yes
A0A898ILL7,Calliophis bivirgatus,SVMP,0.742,yes,Antivenin Micrurus fulvius|CSL Brown Snake antivenom|CSL Polyvalent antivenom|CSL Tiger Snake antivenom|Polyvalent Antisnake Venom|Polyvalent Snake Antivenin Asia|Polyvalent Snake Antivenom Asia|Snake Venom Antiserum IP Asia|Snake antivenin IP Asia,81.2,yes
A0A898ILW0,Calliophis bivirgatus,SVSP,0.6281,yes,CSL Polyvalent antivenom|CSL Tiger Snake antivenom|Polyvalent Antisnake Venom|Polyvalent Snake Antivenin Asia|Polyvalent Snake Antivenom Asia|Snake Venom Antiserum IP Asia|Snake antivenin IP Asia,86.8,yes
A0A898INC7,Calliophis bivirgatus,PDE,0.939,yes,Antivenin Micrurus fulvius|CSL Polyvalent antivenom|CSL Tiger Snake antivenom|Habu antivenom|Polyvalent Antisnake Venom|Polyvalent Snake Antivenin Asia|Polyvalent Snake Antivenom Asia|Polyvalent crotalid antivenom CroFab|Snake Venom Antiserum IP Asia|Snake antivenin IP Asia,93.9,yes
A0A898ING0,Calliophis bivirgatus,CNP,0.4084,no,,75.8,no
A0A898INH6,Calliophis bivirgatus,SVMP,0.773,yes,CSL Black Snake antivenom|CSL Brown Snake antivenom|CSL Death Adder antivenom|CSL Polyvalent antivenom|CSL Taipan antivenom|CSL Tiger Snake antivenom|Polyvalent Antisnake Venom|Polyvalent Snake Antivenin Asia|Polyvalent Snake Antivenom Asia|Snake Venom Antiserum IP Asia|Snake antivenin IP Asia,81.6,yes
A0AAU6NT02,Micrurus mipartitus,SVSP,0.5316,no,,80.6,yes
A0AAU6NT91,Micrurus mipartitus,SVSP,0.5561,no,,80.5,yes
B7FDI0,Vipera nikolskii,3FTx,0.5596,no,,92.1,yes
C0HK50,Crotalus tzabcan,Disintegrin,0.761,yes,Agkistrodon Salmusa Antivenom|Antibotropico Butantan|Antibotropico CPPI|Antibotropico FUNED|Antibotropico IVB|Antibotropico crotalico Butantan|Antibotropico crotalico FUNED|Antibotropico crotalico IVB|Antibotropico laquetico Butantan|Antibotropico laquetico FUNED|Antibotropico laquetico IVB|Habu antivenom|Polyvalent crotalid antivenom CroFab,95.8,yes
D5J9Q8,Bungarus flaviceps,SVSP,0.4843,no,,71.1,no
D5J9S0,Bungarus flaviceps,CNP,0.2595,no,,39.9,no
H9M5U4,Crotalus ruber,Disintegrin,0.623,yes,Antibotropico Butantan|Antibotropico CPPI|Antibotropico FUNED|Antibotropico IVB|Antibotropico crotalico Butantan|Antibotropico crotalico FUNED|Antibotropico crotalico IVB|Antibotropico laquetico Butantan|Antibotropico laquetico FUNED|Antibotropico laquetico IVB,83.6,yes
M5A7M5,Protobothrops elegans,SVMP,0.638,yes,Antibotropico Butantan|Antibotropico CPPI|Antibotropico FUNED|Antibotropico IVB|Antibotropico Polivalente|Antibotropico crotalico Butantan|Antibotropico crotalico FUNED|Antibotropico crotalico IVB|Antibotropico laquetico Butantan|Antibotropico laquetico FUNED|Antibotropico laquetico IVB|Antiofidico Bothropico Polivalente|Antiofidico Polivalente Botropico Crotalico|Antiofidico Polivalente Botropico Laquetico|Antiofidico Polivalente CDBiotecnologia,81.1,yes
P0C7R9,Bothrops leucurus,SVMP,1.0,yes,Antibotropico Butantan|Antibotropico CPPI|Antibotropico FUNED|Antibotropico IVB|Antibotropico bivalente|Antibotropico crotalico Butantan|Antibotropico crotalico FUNED|Antibotropico crotalico IVB|Antibotropico laquetico Butantan|Antibotropico laquetico FUNED|Antibotropico laquetico IVB|Antiofidico Bivalente Antibothropico|Antiofidico Polivalente BIOL|Antiveneno Bothropico Bivalente|Antiveneno Bothropico Crotalico|Antiveneno Bothropico Tetravalente|FAV Afrique|SAIMR Polyvalent Snake antivenom,100.0,yes
P0DJB0,Micrurus lemniscatus,3FTx,0.0,no,,0.0,no
P0DJQ1,Trimeresurus stejnegeri,PLA2,0.0,no,,0.0,no
P0DKL7,Vipera renardi,PLA2,0.0,no,,0.0,no
P0DRK2,Bitis nasicornis,SVMP,0.833,yes,Antibotropico Butantan|Antibotropico CPPI|Antibotropico FUNED|Antibotropico IVB|Antibotropico bivalente|Antibotropico crotalico Butantan|Antibotropico crotalico FUNED|Antibotropico crotalico IVB|Antibotropico laquetico Butantan|Antibotropico laquetico FUNED|Antibotropico laquetico IVB|Antiofidico Polivalente BIOL|Antiofidico Polivalente Botropico Crotalico|Antiofidico Polivalente Botropico Laquetico|Antiveneno Bothropico Bivalente|Antiveneno Bothropico Crotalico|Antiveneno Bothropico Tetravalente,83.3,yes
P0DV80,Bitis rhinoceros,OTHER,0.0,no,,0.0,no
P0DV81,Bitis rhinoceros,OTHER,0.0,no,,0.0,no
P15815,Bungarus flaviceps,3FTx,0.3249,no,,62.1,no
P24742,Calliophis bivirgatus,3FTx,0.0,no,,0.0,no
P34075,Naja annulata,3FTx,0.5855,yes,Monovalent Naja philippinensis Cobra Antivenin|Polyvalent Snake Antivenom Razi,77.0,no
P80163,Atractaspis bibronii,3FTx,0.0,no,,0.0,no
P81995,Trimeresurus purpureomaculatus,3FTx,0.136,no,,13.6,no
P85006,Proatheris superciliaris,SVMP,0.0,no,,0.0,no
Q71RP8,Trimeresurus stejnegeri,OTHER,0.0,no,,0.0,no
Q71RP9,Trimeresurus stejnegeri,OTHER,0.5314,no,,76.4,no
Q71RQ0,Trimeresurus stejnegeri,OTHER,0.7518,yes,Antivenom Tr mucrosquamatus stejnegeri,82.4,yes
Q71RQ1,Trimeresurus stejnegeri,OTHER,0.7129,yes,Agkistrodon Acutus antivenin|Antibotropico Butantan|Antibotropico CPPI|Antibotropico FUNED|Antibotropico IVB|Antibotropico Polivalente|Antibotropico crotalico Butantan|Antibotropico crotalico FUNED|Antibotropico crotalico IVB|Antibotropico laquetico Butantan|Antibotropico laquetico FUNED|Antibotropico laquetico IVB|Antiofidico Bothropico Polivalente|Antiofidico Polivalente Botropico Crotalico|Antiofidico Polivalente Botropico Laquetico|Antiofidico Polivalente CDBiotecnologia|Monovalent Antivenin Snorkel Viper,83.5,yes
Q71RQ8,Trimeresurus stejnegeri,OTHER,0.0,no,,0.0,no
Q71RQ9,Trimeresurus stejnegeri,OTHER,0.6203,yes,Agkistrodon Acutus antivenin|Antibotropico Butantan|Antibotropico CPPI|Antibotropico FUNED|Antibotropico IVB|Antibotropico Polivalente|Antibotropico crotalico Butantan|Antibotropico crotalico FUNED|Antibotropico crotalico IVB|Antibotropico laquetico Butantan|Antibotropico laquetico FUNED|Antibotropico laquetico IVB|Antiofidico Bothropico Polivalente|Antiofidico Polivalente Botropico Crotalico|Antiofidico Polivalente Botropico Laquetico|Antiofidico Polivalente CDBiotecnologia|Monovalent Antivenin Snorkel Viper,70.5,no
Q71RR0,Trimeresurus stejnegeri,OTHER,0.4036,no,,82.2,yes
Q71RR1,Trimeresurus stejnegeri,OTHER,0.6757,yes,Agkistrodon Acutus antivenin|Agkistrodon halys antivenin|Habu antivenom|Haemato polyvalent snake antivenom QSMI|Malayan pit viper antivenin QSMI|Monovalent Antivenin Snorkel Viper|Polyvalent Anti Snake Venom,92.5,yes
Q71RR2,Trimeresurus stejnegeri,OTHER,0.7399,yes,Agkistrodon Acutus antivenin|Agkistrodon halys antivenin|Antibotropico Butantan|Antibotropico CPPI|Antibotropico FUNED|Antibotropico IVB|Antibotropico Polivalente|Antibotropico crotalico Butantan|Antibotropico crotalico FUNED|Antibotropico crotalico IVB|Antibotropico laquetico Butantan|Antibotropico laquetico FUNED|Antibotropico laquetico IVB|Antiofidico Bothropico Polivalente|Antiofidico Polivalente Botropico Crotalico|Antiofidico Polivalente Botropico Laquetico|Antiofidico Polivalente CDBiotecnologia|Habu antivenom|Haemato polyvalent snake antivenom QSMI|Malayan pit viper antivenin QSMI|Monovalent Antivenin Snorkel Viper|Polyvalent Anti Snake Venom,91.8,yes
Q71RR4,Trimeresurus stejnegeri,OTHER,0.6566,yes,Agkistrodon Acutus antivenin|Habu antivenom|Monovalent Antivenin Snorkel Viper,84.9,yes
Q7ZZN9,Protobothrops jerdonii,3FTx,0.7552,yes,Anti viper anti adder venom|Antivenom Tr mucrosquamatus stejnegeri|Habu antivenom|Mamushi Antivenom Kaketsuken|Polyvalent Antisnake Venom|Polyvalent Antivenom ICP|Polyvalent Snake Antivenin Asia|Polyvalent Snake Antivenom|Snake Venom Antiserum IP Asia|Snake antivenin IP Asia|Viper Venom Antitoxin|Viper venom antitoxin European|Viperfav,91.7,yes
Q9PT47,Atractaspis andersonii,SVMP,0.0,no,,0.0,no
Q9PT48,Atractaspis engaddensis,SVMP,0.4502,no,,68.7,no
Q9PT49,Atractaspis andersonii,SVMP,0.033,no,,3.3,no
A0A077L6M9,Protobothrops elegans,CTL,0.887,yes,Habu antivenom|Polyvalent crotalid antivenom CroFab,94.7,yes
A0A077L7D6,Protobothrops elegans,SVMP,0.2968,no,,59.5,no
A0A077L7E1,Protobothrops elegans,SVMP,0.2449,no,,48.4,no
A0A077L7Y5,Protobothrops elegans,CTL,0.564,no,,64.4,no
A0A077LA53,Protobothrops elegans,SVMP,0.3296,no,,63.2,no
A0A077LA61,Protobothrops elegans,3FTx,0.9078,yes,Agkistrodon Salmusa Antivenom|Antibotropico Butantan|Antibotropico CPPI|Antibotropico FUNED|Antibotropico IVB|Antibotropico Polivalente|Antibotropico crotalico Butantan|Antibotropico crotalico FUNED|Antibotropico crotalico IVB|Antibotropico laquetico Butantan|Antibotropico laquetico FUNED|Antibotropico laquetico IVB|Antiofidico Bothropico Polivalente|Antiofidico Polivalente Botropico Crotalico|Antiofidico Polivalente Botropico Laquetico|Antiofidico Polivalente CDBiotecnologia|Antiveneno Bothropico Tetravalente|Antivenom Tr mucrosquamatus stejnegeri|Antivipmyn|Habu antivenom|Haemato polyvalent snake antivenom QSMI|Malayan pit viper antivenin QSMI|Mamushi Antivenom Kaketsuken|Polyvalent Anti Snake Venom|Polyvalent Antisnake Venom|Polyvalent Antivenom ICP|Polyvalent Snake Antivenin Asia|Polyvalent crotalid antivenom CroFab|Snake Venom Antiserum IP Asia|Snake antivenin IP Asia,94.2,yes
A0A077LA68,Protobothrops elegans,OTHER,0.487,no,,94.6,yes
A0A077LA75,Protobothrops elegans,SVMP,0.134,no,,13.5,no
A0A077LD04,Protobothrops elegans,CTL,0.2777,no,,57.1,no
A0A191UIS4,Atropoides spp,OTHER,0.8772,yes,Antiofidico Bothropico Polivalente|Antiofidico Polivalente CDBiotecnologia|Antivipmyn|Antivipmyn TRI|FAV Afrique|Faboterapico Polivalente Antiviperino|King cobra antivenin QSMI|Neuro polyvalent snake antivenom QSMI|Polyvalent Antisnake Venom|Polyvalent Antivenom ICP|Polyvalent Snake Antivenin Asia|Polyvalent Snake Antivenom Asia|SAIMR Echis antivenom|Snake Venom Antiserum IP Asia|Snake antivenin IP Asia,100.0,yes
A0A191UIW0,Atropoides spp,OTHER,0.8545,yes,Antiofidico Bothropico Polivalente|Antiofidico Polivalente CDBiotecnologia|Antivipmyn|Antivipmyn TRI|FAV Afrique|Faboterapico Polivalente Antiviperino|King cobra antivenin QSMI|Neuro polyvalent snake antivenom QSMI|Polyvalent Antisnake Venom|Polyvalent Antivenom ICP|Polyvalent Snake Antivenin Asia|Polyvalent Snake Antivenom Asia|SAIMR Echis antivenom|Snake Venom Antiserum IP Asia|Snake antivenin IP Asia,100.0,yes
A0A193CHJ2,Crotalus tzabcan,CTL,0.6273,yes,Habu antivenom|Polyvalent crotalid antivenom CroFab,82.4,yes
A0A193CHJ4,Crotalus tzabcan,CTL,0.6784,yes,Polyvalent crotalid antivenom CroFab,85.4,yes
A0A193CHJ9,Crotalus tzabcan,CTL,0.6764,yes,Polyvalent crotalid antivenom CroFab,86.1,yes
A0A6H1Z3X8,Trimeresurus purpureomaculatus,OTHER,0.0,no,,0.0,no
A0A898IKE8,Calliophis bivirgatus,SVSP,0.2644,no,,31.2,no
A0A898ILB7,Calliophis bivirgatus,SVSP,0.2626,no,,35.0,no
A0A898INB6,Calliophis bivirgatus,SVSP,0.2961,no,,37.5,no
A0A898INI2,Calliophis bivirgatus,3FTx,0.6869,yes,CSL Polyvalent antivenom|CSL Tiger Snake antivenom,88.6,yes
A0A898INP5,Calliophis bivirgatus,SVSP,0.462,no,,69.9,no
A0A898IPM7,Calliophis bivirgatus,SVSP,0.4718,no,,71.1,no
A0A898IPP5,Calliophis bivirgatus,SVSP,0.4678,no,,69.9,no
D5J9N8,Bungarus flaviceps,3FTx,0.3963,no,,46.5,no
D5J9N9,Bungarus flaviceps,3FTx,0.0,no,,0.0,no
D5J9P0,Bungarus flaviceps,3FTx,0.0,no,,0.0,no
D5J9P1,Bungarus flaviceps,3FTx,0.5245,no,,62.4,no
D5J9P2,Bungarus flaviceps,3FTx,0.5163,no,,62.4,no
D5J9P3,Bungarus flaviceps,3FTx,0.571,no,,80.2,yes
D5J9P4,Bungarus flaviceps,3FTx,0.4953,no,,76.7,no
D5J9P5,Bungarus flaviceps,3FTx,0.0,no,,0.0,no
D5J9P6,Bungarus flaviceps,3FTx,0.6016,yes,Antivenom B multicinctus N n naja|Bungarus Antivenom|Bungarus multicinctus antivenin,83.0,yes
D5J9P8,Bungarus flaviceps,3FTx,0.0,no,,0.0,no
D5J9P9,Bungarus flaviceps,3FTx,0.8215,yes,Antivenom B multicinctus N n naja|Banded krait antivenin QSMI|Malayan krait antivenin QSMI|Naja naja atra antivenom|Neuro polyvalent snake antivenom QSMI|Polyvalent Anti Snake Venom,89.5,yes
D5J9Q0,Bungarus flaviceps,3FTx,0.676,yes,Banded krait antivenin QSMI|Bivalent Naja Walterinnesia Snake AV|Malayan krait antivenin QSMI|Neuro polyvalent snake antivenom QSMI|Polyvalent Anti Snake Venom|Polyvalent Snake Antivenom,93.0,yes
D5J9Q1,Bungarus flaviceps,3FTx,0.7497,yes,Antivenom B multicinctus N n naja|Banded krait antivenin QSMI|Bivalent Naja Walterinnesia Snake AV|Malayan krait antivenin QSMI|Naja naja atra antivenom|Neuro polyvalent snake antivenom QSMI|Polyvalent Anti Snake Venom|Polyvalent Snake Antivenom,94.2,yes
D5J9Q2,Bungarus flaviceps,OTHER,0.0,no,,0.0,no
F2Q6F7,Trimeresurus stejnegeri,3FTx,0.8078,yes,Agkistrodon Salmusa Antivenom|Antibotropico Butantan|Antibotropico CPPI|Antibotropico FUNED|Antibotropico IVB|Antibotropico crotalico Butantan|Antibotropico crotalico FUNED|Antibotropico crotalico IVB|Antibotropico laquetico Butantan|Antibotropico laquetico FUNED|Antibotropico laquetico IVB|Antiveneno Bothropico Tetravalente|Antivenom Tr mucrosquamatus stejnegeri|Antivipmyn|Habu antivenom|Haemato polyvalent snake antivenom QSMI|Malayan pit viper antivenin QSMI|Mamushi Antivenom Kaketsuken|Polyvalent Anti Snake Venom|Polyvalent Antisnake Venom|Polyvalent Antivenom ICP|Polyvalent Snake Antivenin Asia|Polyvalent crotalid antivenom CroFab|Snake Venom Antiserum IP Asia|Snake antivenin IP Asia,89.6,yes
F2Q6F8,Trimeresurus stejnegeri,3FTx,0.6005,yes,Anti viper anti adder venom|Antibotropico Butantan|Antibotropico CPPI|Antibotropico FUNED|Antibotropico IVB|Antibotropico crotalico Butantan|Antibotropico crotalico FUNED|Antibotropico crotalico IVB|Antibotropico laquetico Butantan|Antibotropico laquetico FUNED|Antibotropico laquetico IVB|Antiveneno Bothropico Tetravalente|Antivenom Tr mucrosquamatus stejnegeri|Habu antivenom|Polyvalent Antisnake Venom|Polyvalent Snake Antivenin Asia|Polyvalent crotalid antivenom CroFab|Snake Venom Antiserum IP Asia|Snake antivenin IP Asia|Viper Venom Antitoxin|Viper venom antitoxin European|Viperfav,90.8,yes
F2Q6F9,Trimeresurus stejnegeri,3FTx,0.7993,yes,Agkistrodon Salmusa Antivenom|Antibotropico Butantan|Antibotropico CPPI|Antibotropico FUNED|Antibotropico IVB|Antibotropico crotalico Butantan|Antibotropico crotalico FUNED|Antibotropico crotalico IVB|Antibotropico laquetico Butantan|Antibotropico laquetico FUNED|Antibotropico laquetico IVB|Antiveneno Bothropico Tetravalente|Antivenom Tr mucrosquamatus stejnegeri|Antivipmyn|Habu antivenom|Haemato polyvalent snake antivenom QSMI|Malayan pit viper antivenin QSMI|Mamushi Antivenom Kaketsuken|Polyvalent Anti Snake Venom|Polyvalent Antisnake Venom|Polyvalent Antivenom ICP|Polyvalent Snake Antivenin Asia|Polyvalent crotalid antivenom CroFab|Snake Venom Antiserum IP Asia|Snake antivenin IP Asia,89.2,yes
