lb_id,species,split_spp,category,repeated_label_rows
4,Acanthophis spp,Acanthophis praelongus,2,4
4,Acanthophis spp,Acanthophis pyrrhus,2,4
4,Acanthophis spp,Acanthophis wellsi,2,4
4,Acanthophis spp,Acanthophis spp,2,4
19,Atropoides spp,Atropoides indomitus,2,4
19,Atropoides spp,Atropoides nummifer,2,4
19,Atropoides spp,Atropoides olmec,2,4
19,Atropoides spp,Atropoides picadoi,2,4
20,Austrelaps spp,Austrelaps labialis,2,3
20,Austrelaps spp,Austrelaps ramsayi,2,3
20,Austrelaps spp,Austrelaps superbus,2,3
29,Bothriechis spp,Bothriechis bicolor,2,6
29,Bothriechis spp,Bothriechis nigroviridis,2,6
29,Bothriechis spp,Bothriechis rowleyi,2,6
29,Bothriechis spp,Bothriechis supraciliaris,2,6
29,Bothriechis spp,Bothriechis aurifer,2,6
29,Bothriechis spp,Bothriechis thalassinus,2,6
32,Bothrocophias spp,Bothrocophias campbelli,2,3
32,Bothrocophias spp,Bothrocophias colombianus,2,3
32,Bothrocophias spp,Bothrocophias myersi,2,3
53,Bothrops spp,Bothrops punctatus,2,8
53,Bothrops spp,Bothrops osbornei,2,8
53,Bothrops spp,Bothrops lojanus,2,8
53,Bothrops spp,Bothrops barnetti,2,8
53,Bothrops spp,Bothrops roedingeri,2,8
53,Bothrops spp,Bothrops andianus,2,8
53,Bothrops spp,Bothrops marajoensis,2,8
53,Bothrops spp,Bothrops spp,2,8
75,Cerrophidion spp,Cerrophidion petlalcalensis,2,3
75,Cerrophidion spp,Cerrophidion barbouri,2,3
75,Cerrophidion spp,Cerrophidion tzotzilorum,2,3
129,Hoplocephalus spp,Hoplocephalus bitorquatus,2,3
129,Hoplocephalus spp,Hoplocephalus bungaroides,2,3
129,Hoplocephalus spp,Hoplocephalus stephensii,2,3
181,Ophryacus spp,Ophryacus melanurus,2,2
181,Ophryacus spp,Ophryacus undulatus,2,2
190,Porthidium spp,Porthidium hespere,2,6
190,Porthidium spp,Porthidium dunni,2,6
190,Porthidium spp,Porthidium yucatanicum,2,6
190,Porthidium spp,Porthidium volcanicum,2,6
190,Porthidium spp,Porthidium porrasi,2,6
190,Porthidium spp,Porthidium arcosae,2,6
201,Pseudechis spp,Pseudechis butleri,2,5
201,Pseudechis spp,Pseudechis colletti,2,5
201,Pseudechis spp,Pseudechis guttatus,2,5
201,Pseudechis spp,Pseudechis porphyriacus,2,5
201,Pseudechis spp,Pseudechis weigeli,2,5
210,Pseudonaja spp,Pseudonaja guttata,2,4
210,Pseudonaja spp,Pseudonaja ingrami,2,4
210,Pseudonaja spp,Pseudonaja inframacula,2,4
210,Pseudonaja spp,Pseudonaja tanneri,2,4
233,Vipera spp,Vipera kaznakovi,2,4
233,Vipera spp,Vipera lotievi,2,4
233,Vipera spp,Vipera darevskii,2,4
233,Vipera spp,Vipera ebneri,2,4
