name,manufacturer,country,regulator,status,source_url,retrieved_at_utc
EchiTAbG™,MicroPharm Ltd,United Kingdom,Medicines and Health Products Regulatory Agency (MHRA),positive risk-benefit assessment,https://extranet.who.int/prequal/vaccines/list-product-assessment-outcomes,2026-10-08 (UTC day precision; preserved response capture)
Antivipmyn Africa®,"Laboratorios Silanes, S.A. de C.V.",Mexico,Comisión Federal para la Protección contra Riesgos Sanitarios (COFEPRIS),positive risk-benefit assessment,https://extranet.who.int/prequal/vaccines/list-product-assessment-outcomes,2026-10-08 (UTC day precision; preserved response capture)
PANAF-Premium™,Premium Serums and Vaccines Pvt. Ltd.,India,Central Drug Standards Control Organization (CDSCO),positive risk-benefit assessment,https://extranet.who.int/prequal/vaccines/list-product-assessment-outcomes,2026-10-08 (UTC day precision; preserved response capture)
EchiTAb-plus-ICP,Instituto Clodomiro Picado,Costa Rica,Ministry of Health,"under assessment, no final decision",https://extranet.who.int/prequal/vaccines/list-product-assessment-outcomes,2026-10-08 (UTC day precision; preserved response capture)
SAIMR Polyvalent Antivenom,South African Vaccine Producers (Pty) Ltd,South Africa,Medicines Control Council,"under assessment, no final decision",https://extranet.who.int/prequal/vaccines/list-product-assessment-outcomes,2026-10-08 (UTC day precision; preserved response capture)
Snake Venom Antiserum (Afriven) I.H.S. (Lyophilised),VINS Bioproducts Limited,India,Central Drugs Standards Control Organization (CDSCO),"under assessment, no final decision",https://extranet.who.int/prequal/vaccines/list-product-assessment-outcomes,2026-10-08 (UTC day precision; preserved response capture)
Inoserp™ (Pan Africa),"Inosan Biopharma, S.A.",Spain,Spanish Agency of Medicines and Medical Products,"under assessment, no final decision",https://extranet.who.int/prequal/vaccines/list-product-assessment-outcomes,2026-10-08 (UTC day precision; preserved response capture)
BeAfrique - 10 (Pan African),Biological E. Limited,India,Central Drugs Standards Control Organization (CDSCO),"under assessment, no final decision",https://extranet.who.int/prequal/vaccines/list-product-assessment-outcomes,2026-10-08 (UTC day precision; preserved response capture)
BeAfrique - 6 (Central African),Biological E. Limited,India,Central Drugs Standards Control Organization (CDSCO),"under assessment, no final decision",https://extranet.who.int/prequal/vaccines/list-product-assessment-outcomes,2026-10-08 (UTC day precision; preserved response capture)
BeAfrique - 1 (Echis ocellatus),Biological E. Limited,India,Central Drugs Standards Control Organization (CDSCO),"under assessment, no final decision",https://extranet.who.int/prequal/vaccines/list-product-assessment-outcomes,2026-10-08 (UTC day precision; preserved response capture)
Snake Venom Antiserum (Echis),VINS Bioproducts Limited,India,Central Drugs Standards Control Organization (CDSCO),"under assessment, no final decision",https://extranet.who.int/prequal/vaccines/list-product-assessment-outcomes,2026-10-08 (UTC day precision; preserved response capture)
Boomseven,VINS Bioproducts Limited,India,Central Drugs Standards Control Organization (CDSCO),"under assessment, no final decision",https://extranet.who.int/prequal/vaccines/list-product-assessment-outcomes,2026-10-08 (UTC day precision; preserved response capture)
Afriven-S,VINS Bioproducts Limited,India,Central Drugs Standards Control Organization (CDSCO),"under assessment, no final decision",https://extranet.who.int/prequal/vaccines/list-product-assessment-outcomes,2026-10-08 (UTC day precision; preserved response capture)
EchiTAbG™,MicroPharm Limited,United Kingdom,Medicines and Health Products Regulatory Agency (MHRA),"under assessment, no final decision",https://extranet.who.int/prequal/vaccines/list-product-assessment-outcomes,2026-10-08 (UTC day precision; preserved response capture)
SnaFab 5 (Polyvalent Snake Antivenom,Padra Serum Alborz,Iran,Food and Drug Administration (FDA),"under assessment, no final decision",https://extranet.who.int/prequal/vaccines/list-product-assessment-outcomes,2026-10-08 (UTC day precision; preserved response capture)
SnaFab 6 (Hexavalent Snake Antivenom),Padra Serum Alborz,Iran,Food and Drug Administration (FDA),"under assessment, no final decision",https://extranet.who.int/prequal/vaccines/list-product-assessment-outcomes,2026-10-08 (UTC day precision; preserved response capture)
Combipack of Snake Venom Antiserum with Sterile Water for Injection (North Africa) NORAF-Premium,Premium Serums and Vaccines Pvt. Ltd,Indian,Central Drugs Standards Control Organization (CDSCO),"under assessment, no final decision",https://extranet.who.int/prequal/vaccines/list-product-assessment-outcomes,2026-10-08 (UTC day precision; preserved response capture)
Hexavalent Snake antivenom immunoglobulin (Equine),Razi Vaccine & Serum Research Institute,Iran,Food and Drug Administration (FDA),"under assessment, no final decision",https://extranet.who.int/prequal/vaccines/list-product-assessment-outcomes,2026-10-08 (UTC day precision; preserved response capture)
Snake Venom Antiserum Polyvalent Liquid,"Egyptian Company for Production of Vaccines, Sera and Drugs (EGYVAC) one of the affiliated Companies of the Holding Company for Biological Products & Vaccines (VACSERA)",Egypt,Egyptian Drug Authority (EDA),"under assessment, no final decision",https://extranet.who.int/prequal/vaccines/list-product-assessment-outcomes,2026-10-08 (UTC day precision; preserved response capture)
Vipera palaestinae Antiserum (Equine source),Kamada Limited,Israel,Israeli Ministry of Health (IMOH),"under assessment, no final decision",https://extranet.who.int/prequal/vaccines/list-product-assessment-outcomes,2026-10-08 (UTC day precision; preserved response capture)
Echis coloratus Antiserum (Equine source),Kamada Limited,Israel,Israeli Ministry of Health (IMOH),"under assessment, no final decision",https://extranet.who.int/prequal/vaccines/list-product-assessment-outcomes,2026-10-08 (UTC day precision; preserved response capture)
Snake Venom Antitoxin I.H.S. Lyophilised (Biosnake),VINS Bioproducts Limited,India,Central Drugs Standards Control Organization (CDSCO),"under assessment, no final decision",https://extranet.who.int/prequal/vaccines/list-product-assessment-outcomes,2026-10-08 (UTC day precision; preserved response capture)
Snake Venom Antiserum (Lyophilised),Bharat Serums and Vaccines Limited,India,Central Drugs Standards Control Organization (CDSCO),"under assessment, no final decision",https://extranet.who.int/prequal/vaccines/list-product-assessment-outcomes,2026-10-08 (UTC day precision; preserved response capture)
"Snake Antivenin (Polyvalent) I.P. (Liquid), 10 mL Vial Presentation",Biological E Limited,India,Central Drugs Standards Control Organization (CDSCO),"under assessment, no final decision",https://extranet.who.int/prequal/vaccines/list-product-assessment-outcomes,2026-10-08 (UTC day precision; preserved response capture)
"Snake Antivenin (Polyvalent) I.P. (Lyophilised), Combipack of Snake Antivenin (Vial) along with 10 mL Sterile Water for Injection (Ampoule)",Biological E Limited,India,Central Drugs Standards Control Organization (CDSCO),"under assessment, no final decision",https://extranet.who.int/prequal/vaccines/list-product-assessment-outcomes,2026-10-08 (UTC day precision; preserved response capture)
Snake Antivenin I.P.,Haffkine Bio-Pharmaceutical Corporation Limited,India,Central Drugs Standards Control Organization (CDSCO),"under assessment, no final decision",https://extranet.who.int/prequal/vaccines/list-product-assessment-outcomes,2026-10-08 (UTC day precision; preserved response capture)
Polyvalent Antivenom Immunoglobulins (Liquid Purified),National Institute of Health,Pakistan,Drug Regulatory Authority of Pakistan (DRAP),"under assessment, no final decision",https://extranet.who.int/prequal/vaccines/list-product-assessment-outcomes,2026-10-08 (UTC day precision; preserved response capture)
Combipack of Snake Venom Antiserum with Sterile Water for Injection,Premium Serums and Vaccines Pvt Ltd.,India,Central Drugs Standards Control Organization (CDSCO),"under assessment, no final decision",https://extranet.who.int/prequal/vaccines/list-product-assessment-outcomes,2026-10-08 (UTC day precision; preserved response capture)
Combipack of Snake Venom Antiserum with Sterile Water for Injection – Sri Lanka,Premium Serums and Vaccines Pvt Ltd.,India,Central Drugs Standards Control Organization (CDSCO),"under assessment, no final decision",https://extranet.who.int/prequal/vaccines/list-product-assessment-outcomes,2026-10-08 (UTC day precision; preserved response capture)
Snake Venom Antiserum I.P.,VINS Bioproducts Limited,India,Central Drugs Standards Control Organization (CDSCO),"under assessment, no final decision",https://extranet.who.int/prequal/vaccines/list-product-assessment-outcomes,2026-10-08 (UTC day precision; preserved response capture)
