lb_id,species,split_spp,category,countries,in_who_appendix,who_match_name,notes
1,Acanthophis antarcticus,Acanthophis antarcticus,2,"AUS, IDN, PNG",yes,Acanthophis antarcticus|Acanthophis antarcticus,
2,Acanthophis laevis,Acanthophis laevis,1,"PNG, IDN, AUS",yes,Acanthophis laevis|Acanthophis laevis,
3,Acanthophis rugosus,Acanthophis rugosus,2,"AUS, IDN",yes,Acanthophis rugosus|Acanthophis rugosus,
4,Acanthophis spp,Acanthophis praelongus,2,"AUS, PNG, IDN",no,,
4,Acanthophis spp,Acanthophis pyrrhus,2,AUS,no,,
4,Acanthophis spp,Acanthophis wellsi,2,AUS,no,,
4,Acanthophis spp,Acanthophis spp,2,,no,,
5,Agkistrodon bilineatus,Agkistrodon bilineatus,2,"MEX, HND, CRI, SLV",yes,Agkistrodon bilineatus|Agkistrodon bilineatus,
6,Agkistrodon contortrix,Agkistrodon contortrix,1,"USA, MEX",yes,Agkistrodon contortrix|Agkistrodon contortrix,
7,Agkistrodon piscivorus,Agkistrodon piscivorus,1,"USA, MEX",yes,Agkistrodon piscivorus|Agkistrodon piscivorus,
8,Agkistrodon taylori,Agkistrodon taylori,1,MEX,yes,Agkistrodon taylori|Agkistrodon taylori,
9,Atheris broadleyi,Atheris broadleyi,2,,yes,Atheris broadleyi|Atheris broadleyi|Atheris squamigera,
10,Atheris chlorechis,Atheris chlorechis,2,"GHA, CIV, LBR, GIN",yes,Atheris chlorechis|Atheris chlorechis,
11,Atheris squamigera,Atheris squamigera,2,"CMR, GAB, COG, GNQ, COD, UGA, KEN, AGO",yes,Atheris squamigera|Atheris squamigera,
12,Atractaspis andersonii,Atractaspis andersonii,1,,yes,Atractaspis andersonii|Atractaspis andersonii,
13,Atractaspis bibronii,Atractaspis bibronii,2,"MOZ, ZAF, COD, BWA, NAM, SWZ, TZA, KEN, AGO, ZWE, ZMB, GHA, MLI",yes,Atractaspis bibronii|Atractaspis bibronii,
14,Atractaspis engaddensis,Atractaspis engaddensis,2,"ISR, EGY, SAU",yes,Atractaspis engaddensis|Atractaspis engaddensis,
15,Atractaspis fallax,Atractaspis fallax,2,KEN,yes,Atractaspis fallax|Atractaspis fallax,
16,Atractaspis irregularis,Atractaspis irregularis,2,"BEN, NGA, TZA, COG, COD, KEN, UGA, GHA, CMR, CAF, RWA",yes,Atractaspis irregularis|Atractaspis irregularis,
17,Atropoides mexicanus,Atropoides mexicanus,2,"MEX, HND, GTM, SLV, CRI",yes,Atropoides mexicanus|Atropoides mexicanus,
18,Atropoides occiduus,Atropoides occiduus,2,,yes,Atropoides occiduus|Atropoides occiduus,
19,Atropoides spp,Atropoides indomitus,2,HND,no,,
19,Atropoides spp,Atropoides nummifer,2,"MEX, CRI, HND, SLV, BLZ, GTM",no,,
19,Atropoides spp,Atropoides olmec,2,MEX,no,,
19,Atropoides spp,Atropoides picadoi,2,CRI,yes,Atropoides picadoi,
20,Austrelaps spp,Austrelaps labialis,2,AUS,no,,
20,Austrelaps spp,Austrelaps ramsayi,2,AUS,no,,
20,Austrelaps spp,Austrelaps superbus,2,AUS,no,,
21,Bitis arietans,Bitis arietans,1,"NAM, ZAF, MAR, SSD, BWA, GMB, MOZ, BEN, TGO, ZMB, TZA, KEN, ZWE, GNB, MWI, COG, GIN, GHA, OMN, SWZ, LSO, SAU, SOM, ETH, COD, UGA, CIV, BFA, AGO, SDN, SEN, BDI",yes,Bitis arietans|Bitis arietans,
22,Bitis gabonica,Bitis gabonica,1,"UGA, NGA, COD, TZA, BEN, CMR, KEN, COG, MOZ, LBR, GNQ, GIN, GAB, ZAF, CIV, TGO, GHA, ZMB, MLI",yes,Bitis gabonica|Bitis gabonica,
23,Bitis nasicornis,Bitis nasicornis,2,"CMR, BEN, KEN, TZA, COG, COD, GAB, GNQ, UGA, CIV, GHA, NGA, RWA",yes,Bitis nasicornis|Bitis nasicornis,
24,Bitis parviocula,Bitis parviocula,2,ETH,yes,Bitis parviocula|Bitis parviocula,
25,Bitis rhinoceros,Bitis rhinoceros,2,"BEN, GIN, GHA, LBR",yes,Bitis rhinoceros|Bitis rhinoceros,
26,Bothriechis lateralis,Bothriechis lateralis,2,"CRI, PAN",yes,Bothriechis lateralis|Bothriechis lateralis,
27,Bothriechis marchi,Bothriechis marchi,2,HND,yes,Bothriechis marchi|Bothriechis marchi,
28,Bothriechis schlegelii,Bothriechis schlegelii,2,"CRI, COL, PAN, ECU, GTM, HND, NIC, BLZ, MEX",yes,Bothriechis schlegelii|Bothriechis schlegelii,
29,Bothriechis spp,Bothriechis bicolor,2,"MEX, GTM",no,,
29,Bothriechis spp,Bothriechis nigroviridis,2,CRI,no,,
29,Bothriechis spp,Bothriechis rowleyi,2,MEX,no,,
29,Bothriechis spp,Bothriechis supraciliaris,2,,no,,
29,Bothriechis spp,Bothriechis aurifer,2,"GTM, MEX",no,,
29,Bothriechis spp,Bothriechis thalassinus,2,HND,no,,
30,Bothrocophias hyoprora,Bothrocophias hyoprora,2,"PER, ECU, BRA, COL",yes,Bothrocophias hyoprora|Bothrocophias hyoprora,
31,Bothrocophias microphthalmus,Bothrocophias microphthalmus,2,"COL, PER, ECU",yes,Bothrocophias microphthalmus|Bothrocophias microphthalmus,
32,Bothrocophias spp,Bothrocophias campbelli,2,ECU,no,,
32,Bothrocophias spp,Bothrocophias colombianus,2,COL,no,,
32,Bothrocophias spp,Bothrocophias myersi,2,COL,no,,
33,Bothrops alternatus,Bothrops alternatus,1,"BRA, ARG, URY, PRY",yes,Bothrops alternatus|Bothrops alternatus,
34,Bothrops ammodytoides,Bothrops ammodytoides,2,ARG,yes,Bothrops ammodytoides|Bothrops ammodytoides,
35,Bothrops asper,Bothrops asper,1,"CRI, ECU, MEX, COL, BLZ, VEN, PAN, TTO, NIC, HND, GTM, BRA",yes,Bothrops asper|Bothrops asper,
36,Bothrops atrox,Bothrops atrox,1,"ECU, GUY, PER, COL, GUF, TTO, BRA, SUR, BOL, VEN, MEX, CRI, HND, PAN, CUB, URY, BLZ",yes,Bothrops atrox|Bothrops atrox,
37,Bothrops bilineatus,Bothrops bilineatus,1,"ECU, GUY, BRA, GUF, BOL, PER",yes,Bothrops bilineatus|Bothrops bilineatus,
38,Bothrops brazili,Bothrops brazili,2,"GUY, PER, ECU, VEN, GUF",yes,Bothrops brazili|Bothrops brazili,
39,Bothrops caribbaeus,Bothrops caribbaeus,1,,yes,Bothrops caribbaeus|Bothrops caribbaeus,
40,Bothrops cf atrox,Bothrops cf atrox,1,,yes,Bothrops asper,
41,Bothrops diporus,Bothrops diporus,2,"ARG, PRY, BRA",yes,Bothrops diporus|Bothrops diporus,
42,Bothrops jararaca,Bothrops jararaca,2,"BRA, ARG, BOL, PRY, PER",yes,Bothrops jararaca|Bothrops jararaca,
43,Bothrops jararacussu,Bothrops jararacussu,2,"BRA, PRY, ARG, COL",yes,Bothrops jararacussu|Bothrops jararacussu,
44,Bothrops jonathani,Bothrops jonathani,2,,yes,Bothrops jonathani|Bothrops jonathani,
45,Bothrops lanceolatus,Bothrops lanceolatus,1,"CRI, BRA",yes,Bothrops lanceolatus|Bothrops lanceolatus,
46,Bothrops leucurus,Bothrops leucurus,1,BRA,yes,Bothrops leucurus|Bothrops leucurus,
47,Bothrops mattogrossensis,Bothrops mattogrossensis,2,"BOL, PRY, BRA",yes,Bothrops mattogrossensis|Bothrops mattogrossensis,
48,Bothrops moojeni,Bothrops moojeni,2,"BRA, ARG, PRY",yes,Bothrops moojeni|Bothrops moojeni,
49,Bothrops neuwiedi,Bothrops neuwiedi,2,"PRY, ARG, BRA, BOL, URY",yes,Bothrops neuwiedi|Bothrops neuwiedi,
50,Bothrops pictus,Bothrops pictus,1,PER,yes,Bothrops pictus|Bothrops pictus,
51,Bothrops pubescens,Bothrops pubescens,2,"BRA, URY",yes,Bothrops pubescens|Bothrops pubescens,
52,Bothrops sanctaecrucis,Bothrops sanctaecrucis,2,"BRA, BOL",yes,Bothrops sanctaecrucis|Bothrops sanctaecrucis,
53,Bothrops spp,Bothrops punctatus,2,COL,no,,
53,Bothrops spp,Bothrops osbornei,2,ECU,no,,
53,Bothrops spp,Bothrops lojanus,2,ECU,no,,
53,Bothrops spp,Bothrops barnetti,2,PER,no,,
53,Bothrops spp,Bothrops roedingeri,2,,no,,
53,Bothrops spp,Bothrops andianus,2,PER,no,,
53,Bothrops spp,Bothrops marajoensis,2,,no,,
53,Bothrops spp,Bothrops spp,2,,no,,
54,Bothrops taeniatus,Bothrops taeniatus,2,,yes,Bothrops taeniatus|Bothrops taeniatus,
55,Bothrops venezuelensis,Bothrops venezuelensis,1,VEN,yes,Bothrops venezuelensis|Bothrops venezuelensis,
56,Bungarus bungaroides,Bungarus bungaroides,2,MMR,yes,Bungarus bungaroides|Bungarus bungaroides,
57,Bungarus caeruleus,Bungarus caeruleus,1,"PAK, IND, LKA, MMR",yes,Bungarus caeruleus|Bungarus caeruleus,
58,Bungarus candidus,Bungarus candidus,1,"IDN, LAO, KHM, THA, SGP, MYS, IND",yes,Bungarus candidus|Bungarus candidus,
59,Bungarus ceylonicus,Bungarus ceylonicus,2,LKA,yes,Bungarus ceylonicus|Bungarus ceylonicus,
60,Bungarus fasciatus,Bungarus fasciatus,2,"IDN, LAO, HKG, CHN, MMR, KHM, VNM, PHL, THA, BGD, MYS",yes,Bungarus fasciatus|Bungarus fasciatus,
61,Bungarus flaviceps,Bungarus flaviceps,2,"IDN, MYS",yes,Bungarus flaviceps|Bungarus flaviceps,
62,Bungarus lividus,Bungarus lividus,2,,yes,Bungarus lividus|Bungarus lividus,
63,Bungarus magnimaculatus,Bungarus magnimaculatus,1,"MMR, IND",yes,Bungarus magnimaculatus|Bungarus magnimaculatus,
64,Bungarus multicinctus,Bungarus multicinctus,1,"CHN, HKG, VNM, LAO, MMR, THA, IND",yes,Bungarus multicinctus|Bungarus multicinctus,
65,Bungarus niger,Bungarus niger,2,MMR,yes,Bungarus niger|Bungarus niger,
66,Bungarus sindanus,Bungarus sindanus,2,,yes,Bungarus sindanus|Bungarus sindanus,
67,Bungarus slowinskii,Bungarus slowinskii,1,,yes,Bungarus slowinskii|Bungarus slowinskii,
68,Bungarus walli,Bungarus walli,2,,yes,Bungarus walli|Bungarus walli,
69,Calliophis bivirgatus,Calliophis bivirgatus,2,,yes,Calliophis bivirgatus|Calliophis bivirgatus,
70,Calliophis intestinalis,Calliophis intestinalis,2,"IDN, MYS, SGP, PHL",yes,Calliophis intestinalis|Calliophis intestinalis,
71,Calloselasma rhodostoma,Calloselasma rhodostoma,1,"IDN, MYS, VNM, THA, LAO",yes,Calloselasma rhodostoma|Calloselasma rhodostoma,
72,Cerastes cerastes,Cerastes cerastes,2,"MAR, ISR, TUN, EGY, YEM, MRT, IRQ, SAU, DZA, ESH, MLI, ARE, LBY, SDN",yes,Cerastes cerastes|Cerastes cerastes,
73,Cerastes gasperettii,Cerastes gasperettii,2,"ARE, JOR, ISR, SAU",yes,Cerastes gasperettii|Cerastes gasperettii,
74,Cerrophidion godmani,Cerrophidion godmani,2,"MEX, CRI, HND, GTM, SLV",yes,Cerrophidion godmani|Cerrophidion godmani,
75,Cerrophidion spp,Cerrophidion petlalcalensis,2,MEX,no,,
75,Cerrophidion spp,Cerrophidion barbouri,2,MEX,no,,
75,Cerrophidion spp,Cerrophidion tzotzilorum,2,MEX,no,,
76,Crotalus adamanteus,Crotalus adamanteus,1,"USA, MEX",yes,Crotalus adamanteus|Crotalus adamanteus,
77,Crotalus atrox,Crotalus atrox,1,"USA, MEX",yes,Crotalus atrox|Crotalus atrox,
78,Crotalus basiliscus,Crotalus basiliscus,2,"MEX, COL",yes,Crotalus basiliscus|Crotalus basiliscus,
79,Crotalus durissus,Crotalus durissus,1,"BRA, MEX, PRY, COL, BOL, ARG, SLV, NIC, GUY, BLZ, HND, VEN, GTM, CRI, ABW, TTO, USA",yes,Crotalus durissus|Crotalus durissus,
80,Crotalus horridus,Crotalus horridus,1,"USA, BRA, CAN, GTM, MEX, ARG, VEN",yes,Crotalus horridus|Crotalus horridus,
81,Crotalus molossus,Crotalus molossus,2,"MEX, USA",yes,Crotalus molossus|Crotalus molossus,
82,Crotalus oreganus,Crotalus oreganus,2,"USA, MEX, CAN",yes,Crotalus oreganus|Crotalus oreganus|Crotalus viridis,
83,Crotalus ruber,Crotalus ruber,2,"USA, MEX",yes,Crotalus ruber|Crotalus ruber,
84,Crotalus scutulatus,Crotalus scutulatus,1,"USA, MEX",yes,Crotalus scutulatus|Crotalus scutulatus,
85,Crotalus simus,Crotalus simus,1,"MEX, CRI, HND",yes,Crotalus simus|Crotalus simus,
86,Crotalus spp,Crotalus spp,2,MEX,no,,
87,Crotalus totonacus,Crotalus totonacus,1,MEX,yes,Crotalus totonacus|Crotalus totonacus,
88,Crotalus tzabcan,Crotalus tzabcan,2,MEX,yes,Crotalus tzabcan|Crotalus tzabcan,
89,Crotalus viridis,Crotalus viridis,2,"USA, MEX, CAN",yes,Crotalus viridis|Crotalus viridis,
90,Cryptelytrops albolabris,Cryptelytrops albolabris,1,"LAO, IDN, HKG",yes,Trimeresurus albolabris|Trimeresurus albolabris,
91,Cryptelytrops erythrurus,Cryptelytrops erythrurus,2,,yes,Trimeresurus erythrurus,
92,Cryptelytrops insularis,Cryptelytrops insularis,2,,yes,Trimeresurus insularis,
93,Cryptelytrops macrops,Cryptelytrops macrops,2,"LAO, THA",yes,Trimeresurus macrops|Trimeresurus macrops,
94,Cryptelytrops purpureomaculatus,Cryptelytrops purpureomaculatus,2,SGP,yes,Trimeresurus purpureomaculatus|Trimeresurus purpureomaculatus,
95,Cryptelytrops septentrionalis,Cryptelytrops septentrionalis,2,,yes,Trimeresurus septentrionalis,
96,Daboia deserti,Daboia deserti,2,,yes,Daboia deserti|Daboia deserti,
97,Daboia mauritanica,Daboia mauritanica,1,MAR,yes,Daboia mauritanica|Daboia mauritanica,
98,Daboia palaestinae,Daboia palaestinae,1,"SYR, ISR",yes,Daboia palaestinae|Daboia palaestinae,
99,Daboia russelii,Daboia russelii,1,"LKA, MMR, IND, PAK",yes,Daboia russelii|Daboia russelii,
100,Daboia siamensis,Daboia siamensis,1,"MMR, CHN, THA, IDN",yes,Daboia siamensis|Daboia siamensis,
101,Deinagkistrodon acutus,Deinagkistrodon acutus,1,"CHN, VNM",yes,Deinagkistrodon acutus|Deinagkistrodon acutus,
102,Dendroaspis angusticeps,Dendroaspis angusticeps,1,"KEN, TZA, ZAF, UGA, AGO, ZWE",yes,Dendroaspis angusticeps|Dendroaspis angusticeps,
103,Dendroaspis jamesoni,Dendroaspis jamesoni,1,"CMR, BEN, TGO, KEN, GAB, COD, GNQ, UGA, COG, NGA, NER",yes,Dendroaspis jamesoni|Dendroaspis jamesoni,
104,Dendroaspis polylepis,Dendroaspis polylepis,1,"BWA, NAM, ZWE, ZAF, SEN, SWZ, TZA, KEN, SOM, ZMB, COD, MOZ",yes,Dendroaspis polylepis|Dendroaspis polylepis,
105,Dendroaspis viridis,Dendroaspis viridis,1,"CMR, BEN, TGO, GHA, GIN, CIV",yes,Dendroaspis viridis|Dendroaspis viridis,
106,Dispholidus typus,Dispholidus typus,2,"TZA, SSD, ZAF, UGA, KEN, ZWE, NAM, GHA, COD, SEN, ZMB, SOM",yes,Dispholidus typus|Dispholidus typus,
107,Echis borkini,Echis borkini,1,SAU,yes,Echis borkini|Echis borkini,
108,Echis carinatus,Echis carinatus,1,"ETH, SOM, ARE, OMN, GHA, SAU, AFG, IRN, IND, KEN, EGY, YEM, NER, SSD, SDN, PAK",yes,Echis carinatus|Echis carinatus,
109,Echis coloratus,Echis coloratus,1,"ISR, OMN, SAU, BHR, IRN, EGY, ARE",yes,Echis coloratus|Echis coloratus|Echis carinatus,
110,Echis hughesi,Echis hughesi,2,SOM,yes,Echis hughesi|Echis hughesi|Echis carinatus,
111,Echis jogeri,Echis jogeri,1,,yes,Echis jogeri|Echis jogeri|Echis carinatus,
112,Echis khosatzkii,Echis khosatzkii,2,,yes,Echis khosatzkii|Echis khosatzkii|Echis carinatus,
113,Echis leucogaster,Echis leucogaster,2,"MAR, MLI, NER, SEN, MRT, DZA",yes,Echis leucogaster|Echis leucogaster|Echis carinatus,
114,Echis megalocephalus,Echis megalocephalus,2,,yes,Echis megalocephalus|Echis megalocephalus|Echis carinatus,
115,Echis ocellatus,Echis ocellatus,1,"NGA, BEN, TGO, GHA, SDN, CIV, NER, BFA, SEN",yes,Echis ocellatus|Echis ocellatus|Echis carinatus,
116,Echis omanensis,Echis omanensis,1,"ARE, OMN",yes,Echis omanensis|Echis omanensis|Echis carinatus,
117,Echis pyramidum,Echis pyramidum,1,"SDN, CIV, ERI, ARE, DZA, NER, MRT, KEN, EGY",yes,Echis pyramidum|Echis pyramidum|Echis carinatus,
118,Eristocophis macmahoni,Eristocophis macmahoni,2,,no,,
119,Gloydius blomhoffi,Gloydius blomhoffi,1,"JPN, RUS",no,,
120,Gloydius brevicaudus,Gloydius brevicaudus,1,"KOR, CHN, PRK",yes,Gloydius brevicaudus|Gloydius brevicaudus,
121,Gloydius halys,Gloydius halys,1,"IRN, MNG, RUS, KAZ, TKM, JPN",yes,Gloydius halys|Gloydius halys,
122,Gloydius halys caucasicus,Gloydius halys caucasicus,2,,yes,Gloydius halys caucasicus|Gloydius halys caucasicus,
123,Gloydius himalayanus,Gloydius himalayanus,2,,yes,Gloydius himalayanus|Gloydius himalayanus,
124,Gloydius intermedius,Gloydius intermedius,2,"KOR, IRN, CHN, PRK",yes,Gloydius intermedius|Gloydius intermedius,
125,Gloydius tsushimaensis,Gloydius tsushimaensis,2,,yes,Gloydius tsushimaensis|Gloydius tsushimaensis,
126,Gloydius ussuriensis,Gloydius ussuriensis,2,"KOR, CHN, PRK, RUS",yes,Gloydius ussuriensis|Gloydius ussuriensis,
127,Hemachatus haemachatus,Hemachatus haemachatus,2,"ZAF, SWZ, LSO",yes,Hemachatus haemachatus|Hemachatus haemachatus,
128,Himalayophis tibetanus,Himalayophis tibetanus,2,,yes,Himalayophis tibetanus|Himalayophis tibetanus,
129,Hoplocephalus spp,Hoplocephalus bitorquatus,2,AUS,no,,
129,Hoplocephalus spp,Hoplocephalus bungaroides,2,AUS,no,,
129,Hoplocephalus spp,Hoplocephalus stephensii,2,AUS,no,,
130,Hypnale hypnale,Hypnale hypnale,1,"LKA, IND",yes,Hypnale hypnale|Hypnale hypnale,
131,Hypnale nepa,Hypnale nepa,2,LKA,yes,Hypnale nepa|Hypnale nepa,
132,Lachesis acrochorda,Lachesis acrochorda,2,"COL, ECU",yes,Lachesis acrochorda|Lachesis acrochorda|Lachesis stenophrys,
133,Lachesis melanocephala,Lachesis melanocephala,2,"CRI, BRA, ECU, COL",yes,Lachesis melanocephala|Lachesis melanocephala,
134,Lachesis muta,Lachesis muta,2,"BRA, BOL, PER, COL, PAN, GUY, ECU, TTO, CRI, SUR, GUF",yes,Lachesis muta|Lachesis muta,
135,Lachesis stenophyrs,Lachesis stenophyrs,2,,no,,
136,Macrovipera lebetina,Macrovipera lebetina,1,"ARM, IRN, CYP",yes,Macrovipera lebetina|Macrovipera lebetina,
137,Macrovipera schweizeri,Macrovipera schweizeri,2,,yes,Macrovipera schweizeri|Macrovipera schweizeri,
138,Micropechis ikaheka,Micropechis ikaheka,2,"PNG, IDN",yes,Micropechis ikaheka|Micropechis ikaheka,
139,Micruroides euryxanthus,Micruroides euryxanthus,2,"USA, MEX",yes,Micruroides euryxanthus|Micruroides euryxanthus,
140,Micrurus circinalis,Micrurus circinalis,2,"TTO, VEN",yes,Micrurus circinalis|Micrurus circinalis,
141,Micrurus corallinus,Micrurus corallinus,2,"BRA, ARG, PRY, TTO",yes,Micrurus corallinus|Micrurus corallinus,
142,Micrurus fulvius,Micrurus fulvius,2,"USA, MEX, HND, PAN, NIC, BRA",yes,Micrurus fulvius|Micrurus fulvius,
143,Micrurus lemniscatus,Micrurus lemniscatus,2,"PER, ECU, BRA, GUY, BOL, TTO, SUR, VEN, COL, GUF",yes,Micrurus lemniscatus|Micrurus lemniscatus,
144,Micrurus mipartitus,Micrurus mipartitus,2,"VEN, COL, CRI, PER, ECU, PAN",yes,Micrurus mipartitus|Micrurus mipartitus,
145,Micrurus nigrocinctus,Micrurus nigrocinctus,2,"HND, MEX, CRI, SLV, PAN, NIC, COL, GTM, BLZ",yes,Micrurus nigrocinctus|Micrurus nigrocinctus,
146,Micrurus spixii,Micrurus spixii,2,"BRA, PER, COL, ECU, BOL",yes,Micrurus spixii|Micrurus spixii,
147,Micrurus spp,Micrurus spp,2,MEX,no,,
148,Micrurus surinamensis,Micrurus surinamensis,2,"PER, BRA, GUY, ECU, COL, GUF",yes,Micrurus surinamensis|Micrurus surinamensis,
149,Micrurus tener,Micrurus tener,2,"USA, MEX",yes,Micrurus tener|Micrurus tener,
150,Montivipera raddei,Montivipera raddei,2,"ARM, GEO",yes,Montivipera raddei|Montivipera raddei,
151,Montivipera xanthina,Montivipera xanthina,1,"GRC, ARM",yes,Montivipera xanthina|Montivipera xanthina,
152,Naja anchietae,Naja anchietae,1,"BWA, AGO, NAM",yes,Naja anchietae|Naja anchietae,
153,Naja annulata,Naja annulata,2,"COG, TZA",yes,Naja annulata|Naja annulata,
154,Naja annulifera,Naja annulifera,1,"ZWE, ZAF, MOZ, NAM, SWZ",yes,Naja annulifera|Naja annulifera,
155,Naja arabica,Naja arabica,2,"SAU, OMN",yes,Naja arabica|Naja arabica,
156,Naja ashei,Naja ashei,1,"KEN, SOM",yes,Naja ashei|Naja ashei|Naja nigricollis,
157,Naja atra,Naja atra,1,"HKG, CHN, VNM",yes,Naja atra|Naja atra,
158,Naja christyi,Naja christyi,2,,yes,Naja christyi|Naja christyi,
159,Naja haje,Naja haje,1,"TUN, MLI, SAU, OMN, ZAF, ZWE, COG, UGA, EGY, SEN, NAM, TZA, BFA, KEN",yes,Naja haje|Naja haje,
160,Naja kaouthia,Naja kaouthia,1,"BGD, MMR, VNM, IND",yes,Naja kaouthia|Naja kaouthia,
161,Naja katiensis,Naja katiensis,2,SEN,yes,Naja katiensis|Naja katiensis,
162,Naja mandalayensis,Naja mandalayensis,1,MMR,yes,Naja mandalayensis|Naja mandalayensis,
163,Naja melanoleuca,Naja melanoleuca,2,"CMR, BEN, ZAF, KEN, GMB, TZA, MOZ, COD, COG, GHA, TGO, GIN, CIV, STP, GAB, GNQ, UGA, NGA, ZMB, SSD, AGO, NAM, SEN, LBR",yes,Naja melanoleuca|Naja melanoleuca,
164,Naja mossambica,Naja mossambica,1,"ZAF, ZWE, TZA, NAM, BWA, ZMB, MOZ, SWZ, LSO",yes,Naja mossambica|Naja mossambica,
165,Naja naja,Naja naja,1,"IND, VNM, CHN, TKM, LKA, PHL, ZWE, SGP, MYS, EGY, IDN, ZAF, UGA, MNG, PAK",yes,Naja naja|Naja naja,
166,Naja nigricincta,Naja nigricincta,2,"NAM, ZAF",yes,Naja nigricincta|Naja nigricincta,
167,Naja nigricollis,Naja nigricollis,1,"CMR, BEN, SLE, KEN, COD, TZA, TGO, GHA, GIN, NGA, NAM, GMB, ZAF, ETH, BFA, ZMB, UGA, AGO, EGY, MLI, NER, SOM, SEN, ZWE",yes,Naja nigricollis|Naja nigricollis,
168,Naja nivea,Naja nivea,1,"NAM, BWA, ZAF",yes,Naja nivea|Naja nivea,
169,Naja nubiae,Naja nubiae,2,"EGY, KEN, TZA, COD",yes,Naja nubiae|Naja nubiae|Naja pallida,
170,Naja oxiana,Naja oxiana,1,"UZB, TKM",yes,Naja oxiana|Naja oxiana,
171,Naja pallida,Naja pallida,2,"TZA, SOM, KEN, GHA",yes,Naja pallida|Naja pallida,
172,Naja philippinensis,Naja philippinensis,1,PHL,yes,Naja philippinensis|Naja philippinensis,
173,Naja sagittifera,Naja sagittifera,1,,yes,Naja sagittifera|Naja sagittifera,
174,Naja samarensis,Naja samarensis,1,PHL,yes,Naja samarensis|Naja samarensis,
175,Naja senegalensis,Naja senegalensis,1,"SEN, BEN",yes,Naja senegalensis|Naja senegalensis|Naja haje,
176,Naja siamensis,Naja siamensis,1,LAO,yes,Naja siamensis|Naja siamensis,
177,Naja sputatrix,Naja sputatrix,1,"IDN, SGP",yes,Naja sputatrix|Naja sputatrix,
178,Naja sumatrana,Naja sumatrana,1,"IDN, MYS, SGP, IND",yes,Naja sumatrana|Naja sumatrana,
179,Notechis scutatus,Notechis scutatus,1,AUS,yes,Notechis scutatus|Notechis scutatus,
180,Ophiophagus hannah,Ophiophagus hannah,2,"HKG, IDN, THA, LAO, IND, MYS, SGP, CHN, KHM, MMR, VNM, PHL",yes,Ophiophagus hannah|Ophiophagus hannah,
181,Ophryacus spp,Ophryacus melanurus,2,MEX,no,,
181,Ophryacus spp,Ophryacus undulatus,2,MEX,no,,
182,Oxyuranus microlepidotus,Oxyuranus microlepidotus,2,AUS,yes,Oxyuranus microlepidotus|Oxyuranus microlepidotus,
183,Oxyuranus scutellatus,Oxyuranus scutellatus,1,"PNG, AUS",yes,Oxyuranus scutellatus|Oxyuranus scutellatus,
184,Oxyuranus temporalis,Oxyuranus temporalis,2,AUS,yes,Oxyuranus temporalis|Oxyuranus temporalis,
185,Parias flavomaculatus,Parias flavomaculatus,2,,yes,Trimeresurus flavomaculatus|Trimeresurus flavomaculatus,
186,Parias sumatranus,Parias sumatranus,2,,yes,Trimeresurus sumatranus|Trimeresurus sumatranus,
187,Porthidium lansbergii,Porthidium lansbergii,2,"COL, PAN, VEN",yes,Porthidium lansbergii|Porthidium lansbergii,
188,Porthidium nasutum,Porthidium nasutum,2,"HND, CRI, MEX, GTM, COL, ECU, NIC, PAN",yes,Porthidium nasutum|Porthidium nasutum,
189,Porthidium ophryomegas,Porthidium ophryomegas,2,"CRI, HND, SLV, MEX",yes,Porthidium ophryomegas|Porthidium ophryomegas,
190,Porthidium spp,Porthidium hespere,2,MEX,no,,
190,Porthidium spp,Porthidium dunni,2,"MEX, PER",no,,
190,Porthidium spp,Porthidium yucatanicum,2,"MEX, BLZ",no,,
190,Porthidium spp,Porthidium volcanicum,2,,no,,
190,Porthidium spp,Porthidium porrasi,2,CRI,no,,
190,Porthidium spp,Porthidium arcosae,2,,no,,
191,Proatheris superciliaris,Proatheris superciliaris,2,"MWI, TZA",yes,Proatheris superciliaris|Proatheris superciliaris,
192,Protobothrops elegans,Protobothrops elegans,2,,yes,Protobothrops elegans|Protobothrops elegans,
193,Protobothrops flavoviridis,Protobothrops flavoviridis,1,JPN,yes,Protobothrops flavoviridis|Protobothrops flavoviridis,
194,Protobothrops jerdonii,Protobothrops jerdonii,2,"CHN, MMR, VNM, NPL",yes,Protobothrops jerdonii|Protobothrops jerdonii,
195,Protobothrops kaulbacki,Protobothrops kaulbacki,2,MMR,yes,Protobothrops kaulbacki|Protobothrops kaulbacki,
196,Protobothrops mangshanensis,Protobothrops mangshanensis,2,,yes,Protobothrops mangshanensis|Protobothrops mangshanensis,
197,Protobothrops mucrosquamatus,Protobothrops mucrosquamatus,2,"CHN, VNM, MMR",yes,Protobothrops mucrosquamatus|Protobothrops mucrosquamatus,
198,Pseudechis australis,Pseudechis australis,1,"AUS, IDN",yes,Pseudechis australis|Pseudechis australis,
199,Pseudechis papuanus,Pseudechis papuanus,2,"AUS, PNG",yes,Pseudechis papuanus|Pseudechis papuanus,
200,Pseudechis rossignolii,Pseudechis rossignolii,2,PNG,yes,Pseudechis rossignolii|Pseudechis rossignolii,
201,Pseudechis spp,Pseudechis butleri,2,AUS,no,,
201,Pseudechis spp,Pseudechis colletti,2,AUS,no,,
201,Pseudechis spp,Pseudechis guttatus,2,AUS,no,,
201,Pseudechis spp,Pseudechis porphyriacus,2,AUS,no,,
201,Pseudechis spp,Pseudechis weigeli,2,AUS,no,,
202,Pseudocerastes fieldi,Pseudocerastes fieldi,2,ISR,yes,Pseudocerastes fieldi|Pseudocerastes fieldi,
203,Pseudocerastes persicus,Pseudocerastes persicus,2,"IRN, ARE, ISR",yes,Pseudocerastes persicus|Pseudocerastes persicus,
204,Pseudohaje goldii,Pseudohaje goldii,2,"CMR, GHA, UGA, KEN, COD",yes,Pseudohaje goldii|Pseudohaje goldii,
205,Pseudohaje nigra,Pseudohaje nigra,2,"NGA, CIV, TGO, GHA",yes,Pseudohaje nigra|Pseudohaje nigra,
206,Pseudonaja affinis,Pseudonaja affinis,1,AUS,yes,Pseudonaja affinis|Pseudonaja affinis,
207,Pseudonaja aspidorhyncha,Pseudonaja aspidorhyncha,2,AUS,yes,Pseudonaja aspidorhyncha|Pseudonaja aspidorhyncha|Pseudonaja nuchalis,
208,Pseudonaja mengdeni,Pseudonaja mengdeni,1,AUS,yes,Pseudonaja mengdeni|Pseudonaja mengdeni|Pseudonaja nuchalis,
209,Pseudonaja nuchalis,Pseudonaja nuchalis,1,AUS,yes,Pseudonaja nuchalis|Pseudonaja nuchalis,
210,Pseudonaja spp,Pseudonaja guttata,2,AUS,no,,
210,Pseudonaja spp,Pseudonaja ingrami,2,AUS,no,,
210,Pseudonaja spp,Pseudonaja inframacula,2,AUS,no,,
210,Pseudonaja spp,Pseudonaja tanneri,2,AUS,no,,
211,Pseudonaja textilis,Pseudonaja textilis,2,"AUS, PNG",yes,Pseudonaja textilis|Pseudonaja textilis,
212,Rhabdophis tigrinus,Rhabdophis tigrinus,2,"KOR, JPN, CHN, PRK, THA, RUS",yes,Rhabdophis tigrinus|Rhabdophis tigrinus,
213,Sistrurus catenatus,Sistrurus catenatus,2,"USA, CAN, MEX",yes,Sistrurus catenatus|Sistrurus catenatus,
214,Sistrurus miliarius,Sistrurus miliarius,2,"USA, CAN, CHN",yes,Sistrurus miliarius|Sistrurus miliarius,
215,Thelotornis capensis,Thelotornis capensis,2,"ZMB, AGO, ZAF, KEN, TZA, GNQ, NAM, ZWE, SWZ, BWA, MOZ, CMR, UGA, COD, SOM",yes,Thelotornis capensis|Thelotornis capensis,
216,Thelotornis kirtlandii,Thelotornis kirtlandii,2,"NGA, ZMB, CMR, BEN, GHA, GNQ, TGO, GIN, CIV, GAB, UGA, COG, TZA, KEN, COD, ZAF, ZWE",yes,Thelotornis kirtlandii|Thelotornis kirtlandii,
217,Thelotornis mossambicanus,Thelotornis mossambicanus,2,"MOZ, TZA, KEN",yes,Thelotornis mossambicanus|Thelotornis mossambicanus,
218,Thelotornis usambaricus,Thelotornis usambaricus,2,TZA,yes,Thelotornis usambaricus|Thelotornis usambaricus,
219,Trimeresurus gramineus,Trimeresurus gramineus,2,"IND, VNM, CHN, IDN",yes,Trimeresurus gramineus|Trimeresurus gramineus,
220,Trimeresurus malabaricus,Trimeresurus malabaricus,2,IND,yes,Trimeresurus malabaricus|Trimeresurus malabaricus,
221,Trimeresurus trigonocephalus,Trimeresurus trigonocephalus,2,LKA,yes,Trimeresurus trigonocephalus|Trimeresurus trigonocephalus,
222,Tropidechis carinatus,Tropidechis carinatus,2,AUS,yes,Tropidechis carinatus|Tropidechis carinatus,
223,Tropidolaemus philippensis,Tropidolaemus philippensis,2,PHL,yes,Tropidolaemus philippensis|Tropidolaemus philippensis,
224,Tropidolaemus subannulatus,Tropidolaemus subannulatus,2,"MYS, IDN, BRN, PHL",yes,Tropidolaemus subannulatus|Tropidolaemus subannulatus,
225,Vipera ammodytes,Vipera ammodytes,1,"ITA, ALB, GRC, HRV, SVN, TUR, BGR, AUT, POL, ROU, BIH",yes,Vipera ammodytes|Vipera ammodytes,
226,Vipera aspis,Vipera aspis,2,"ITA, CHE, FRA, ESP, AND, DEU, BEL",yes,Vipera aspis|Vipera aspis,
227,Vipera berus,Vipera berus,2,"RUS, NOR, GBR, DEU, FRA, BEL, ITA, SWE, AUT, BGR, ROU, HRV",yes,Vipera berus|Vipera berus,
228,Vipera eriwanensis,Vipera eriwanensis,2,ARM,yes,Vipera eriwanensis|Vipera eriwanensis,
229,Vipera latastei,Vipera latastei,2,"ESP, PRT",yes,Vipera latastei|Vipera latastei,
230,Vipera nikolskii,Vipera nikolskii,2,DEU,yes,Vipera nikolskii|Vipera nikolskii|Vipera berus,
231,Vipera renardi,Vipera renardi,2,"KAZ, UKR, ARM",yes,Vipera renardi|Vipera renardi,
232,Vipera seoanei,Vipera seoanei,2,"ESP, FRA, PRT",yes,Vipera seoanei|Vipera seoanei,
233,Vipera spp,Vipera kaznakovi,2,"TUR, RUS",yes,Vipera kaznakovi,
233,Vipera spp,Vipera lotievi,2,,no,,
233,Vipera spp,Vipera darevskii,2,GEO,no,,
233,Vipera spp,Vipera ebneri,2,,no,,
234,Vipera ursinii,Vipera ursinii,2,"HUN, ROU, CHN, AUT",no,,
235,Viridovipera stejnegeri,Viridovipera stejnegeri,2,,yes,Trimeresurus stejnegeri|Trimeresurus stejnegeri,
236,Walterinnesia aegyptia,Walterinnesia aegyptia,2,"TUR, ISR, SAU, IRN, EGY",yes,Walterinnesia aegyptia|Walterinnesia aegyptia,
237,Walterinnesia morgani,Walterinnesia morgani,2,,yes,Walterinnesia morgani|Walterinnesia morgani|Walterinnesia aegyptia,
2016_1,Acanthophis cryptamydros,Acanthophis cryptamydros,2,,yes,Acanthophis cryptamydros|Acanthophis cryptamydros,
2016_2,Agkistrodon howardgloydi,Agkistrodon howardgloydi,2,,yes,Agkistrodon howardgloydi|Agkistrodon howardgloydi,
2016_3,Agkistrodon russeolus,Agkistrodon russeolus,2,,yes,Agkistrodon russeolus|Agkistrodon russeolus,
2016_5,Bitis harenna,Bitis harenna,2,,yes,Bitis harenna|Bitis harenna,New species
2016_6,Bungarus persicus,Bungarus persicus,2,,yes,Bungarus persicus|Bungarus persicus,New species
2016_7,Cerrophidion sasai,Cerrophidion sasai,2,,yes,Cerrophidion sasai|Cerrophidion sasai,Previously part of Cerrophdion godmani
2016_8,Cerrophidion wilsoni,Cerrophidion wilsoni,2,,yes,Cerrophidion wilsoni|Cerrophidion wilsoni,Previously part of Cerrophidion godmani
2016_9,Crotalus ornatus,Crotalus ornatus,2,,yes,Crotalus ornatus|Crotalus ornatus|Crotalus molossus,Previously considered part of Crotalus molossus
2016_12,Hypnale zara,Hypnale zara,2,,yes,Hypnale zara|Hypnale zara,New species
2016_15,Trimeresurus cardamomensis,Trimeresurus cardamomensis,2,,yes,Trimeresurus cardamomensis|Trimeresurus cardamomensis,Previously part of Trimeresurus macrops (Cryptelytrops macrops)
2016_16,Trimeresurus hageni,Trimeresurus hageni,2,,yes,Trimeresurus hageni|Trimeresurus hageni,
2016_17,Trimeresurus rubeus,Trimeresurus rubeus,2,,yes,Trimeresurus rubeus|Trimeresurus rubeus,Previously part of Trimeresurus macrops (Cryptelytrops macrops)
