toxin_count,uniprot_name,ncbi_taxid,ncbi_accepted,rule,mapped_species
188,Pantherophis guttatus,94885,Pantherophis guttatus,3_non_listed,
150,Laticauda laticaudata,8630,Laticauda laticaudata,3_non_listed,
147,Python bivittatus,176946,Python bivittatus,3_non_listed,
79,Thamnophis sirtalis,35019,Thamnophis sirtalis,3_non_listed,
68,Trimeresurus stejnegeri,39682,Trimeresurus stejnegeri,2_who_listed,Trimeresurus stejnegeri
63,Macrovipera lebetinus,3148341,Macrovipera lebetinus,3_non_listed,
55,Crotalus helleri,8741,Crotalus helleri,3_non_listed,
54,Pseudonaja modesta,340912,Pseudonaja modesta,3_non_listed,
43,Ahaetulla prasina,499056,Ahaetulla prasina,3_non_listed,
42,Drysdalia coronoides,66186,Drysdalia coronoides,3_non_listed,
37,Borikenophis portoricensis,1260276,Borikenophis portoricensis,3_non_listed,
34,Vipera anatolica,1296988,Vipera anatolica,3_non_listed,
25,Hemiaspis signata,355698,Hemiaspis signata,3_non_listed,
24,Micropechis ikaheca,66188,Micropechis ikaheca,3_non_listed,
22,Furina ornata,529697,Furina ornata,3_non_listed,
20,Demansia vestigiata,412038,Demansia vestigiata,3_non_listed,
19,Micrurus altirostris,129457,Micrurus altirostris,3_non_listed,
18,Gloydius brevicauda,3148161,Gloydius brevicauda,3_non_listed,
18,Trimeresurus albolabris,8765,Trimeresurus albolabris,2_who_listed,Trimeresurus albolabris
17,Vermicella annulata,1295044,Vermicella annulata,3_non_listed,
16,Ovophis okinavensis,8769,Ovophis okinavensis,3_non_listed,
15,Echiopsis curta,529692,Echiopsis curta,3_non_listed,
15,Philothamnus irregularis,1899461,Philothamnus irregularis,3_non_listed,
15,Pseudoferania polylepis,338839,Pseudoferania polylepis,3_non_listed,
15,Cacophis squamulosus,505434,Cacophis squamulosus,3_non_listed,
14,Bothrops insularis,8723,Bothrops insularis,3_non_listed,
14,Suta nigriceps,687874,Suta nigriceps,3_non_listed,
14,Bothrops cotiara,8727,Bothrops cotiara,3_non_listed,
14,Philodryas olfersii,120305,Philodryas olfersii,3_non_listed,
13,Bothrops pauloensis,1042543,Bothrops pauloensis,3_non_listed,
13,Laticauda colubrina,8628,Laticauda colubrina,3_non_listed,
13,Bothrops fonsecai,157549,Bothrops fonsecai,3_non_listed,
13,Suta fasciata,529716,Suta fasciata,3_non_listed,
12,Gloydius blomhoffii,242054,Gloydius blomhoffii,2_who_listed,Gloydius blomhoffii
12,Hydrophis hardwickii,8781,Hydrophis hardwickii,3_non_listed,
12,Spilotes sulphureus,1899469,Spilotes sulphureus,3_non_listed,
12,Denisonia devisi,,,3_non_listed,
11,Craspedocephalus gramineus,8767,Craspedocephalus gramineus,3_non_listed,
10,Cryptophis nigrescens,292442,Cryptophis nigrescens,3_non_listed,
8,Bothrops pirajai,113192,Bothrops pirajai,3_non_listed,
8,Micrurus pyrrhocryptus,129468,Micrurus pyrrhocryptus,3_non_listed,
8,Opheodrys aestivus,186591,Opheodrys aestivus,3_non_listed,
7,Cerberus rynchops,46267,Cerberus rynchops,3_non_listed,
7,Causus rhombeatus,44735,Causus rhombeatus,3_non_listed,
6,Trimeresurus gracilis,109781,Trimeresurus gracilis,3_non_listed,
6,Azemiops feae,8773,Azemiops feae,3_non_listed,
6,Crotalus lutosus,332626,Crotalus lutosus,3_non_listed,
6,Eristicophis macmahoni,110227,Eristicophis macmahoni,3_non_listed,
6,Laticauda semifasciata,8631,Laticauda semifasciata,3_non_listed,
6,Craspedocephalus puniceus,3147916,Craspedocephalus puniceus,3_non_listed,
6,Echis multisquamatus,93050,Echis multisquamatus,3_non_listed,
6,Python regius,51751,Python regius,3_non_listed,
6,Micrurus frontalis,129461,Micrurus frontalis,3_non_listed,
6,Brachyurophis roperi,1295043,Brachyurophis roperi,3_non_listed,
5,Trimeresurus purpureomaculatus,101163,Trimeresurus purpureomaculatus,2_who_listed,Trimeresurus purpureomaculatus
5,Crotalus mitchellii,384065,Crotalus mitchellii,3_non_listed,
5,Crotalus concolor,8740,Crotalus concolor,3_non_listed,
5,Crotalus tigris,88082,Crotalus tigris,3_non_listed,
4,Gloydius shedaoensis,88083,Gloydius shedaoensis,3_non_listed,
4,Crotalus lepidus,44709,Crotalus lepidus,3_non_listed,
4,Tropidolaemus wagleri,8770,Tropidolaemus wagleri,3_non_listed,
4,Sistrurus tergeminus,8757,Sistrurus tergeminus,3_non_listed,
4,Bothrops erythromelas,44710,Bothrops erythromelas,3_non_listed,
4,Cerastes vipera,8698,Cerastes vipera,3_non_listed,
4,Aipysurus laevis,8678,Aipysurus laevis,3_non_listed,
4,Philodryas chamissonis,1050405,Philodryas chamissonis,3_non_listed,
4,Aspidelaps scutatus,8607,Aspidelaps scutatus,3_non_listed,
3,Craspedocephalus borneensis,3147914,Craspedocephalus borneensis,3_non_listed,
3,Crotalus vegrandis,184545,Crotalus vegrandis,3_non_listed,
3,Hydrophis schistosus,8682,Hydrophis schistosus,3_non_listed,
3,Crotalus cerastes,8746,Crotalus cerastes,3_non_listed,
3,Crotalus cerberus,36309,Crotalus cerberus,3_non_listed,
3,Hydrophis stokesii,355677,Hydrophis stokesii,3_non_listed,
3,Protobothrops tokarensis,61225,Protobothrops tokarensis,3_non_listed,
3,Laticauda crockeri,8629,Laticauda crockeri,3_non_listed,
3,Hydrophis cyanocinctus,8686,Hydrophis cyanocinctus,3_non_listed,
3,Pseudagkistrodon rudis,2759634,Pseudagkistrodon rudis,3_non_listed,
3,Leioheterodon madagascariensis,46577,Leioheterodon madagascariensis,3_non_listed,
3,Trimorphodon biscutatus,338818,Trimorphodon biscutatus,3_non_listed,
3,Telescopus dhara,338837,Telescopus dhara,3_non_listed,
3,Boa constrictor,8574,Boa constrictor,3_non_listed,
2,Boiga irregularis,92519,Boiga irregularis,3_non_listed,
2,Micrurus laticollaris,1240351,Micrurus laticollaris,3_non_listed,
2,Acanthophis sp.,,,3_non_listed,
2,Boiga dendrophila,46286,Boiga dendrophila,3_non_listed,
2,Atheris nitschei,110224,Atheris nitschei,3_non_listed,
2,Hydrophis peronii,8676,Hydrophis peronii,3_non_listed,
2,Erythrolamprus poecilogyrus,338838,Erythrolamprus poecilogyrus,3_non_listed,
2,Thrasops jacksonii,186611,Thrasops jacksonii,3_non_listed,
2,Micrurus browni,1675716,Micrurus browni,3_non_listed,
2,Zamenis scalaris,122933,Zamenis scalaris,3_non_listed,
1,Oxybelis fulgidus,121355,Oxybelis fulgidus,3_non_listed,
1,Ophryacus sphenophrys,2340898,Ophryacus sphenophrys,3_non_listed,
1,Bothrocophias andianus,1144373,Bothrocophias andianus,3_non_listed,
1,Atractaspis microlepidota,42165,Atractaspis microlepidota,3_non_listed,
1,Agkistrodon conanti,2782195,Agkistrodon conanti,3_non_listed,
1,Bitis caudalis,8693,Bitis caudalis,3_non_listed,
1,Ovophis monticola,103941,Ovophis monticola,3_non_listed,
1,Metlapilcoatlus nummifer,3148373,Metlapilcoatlus nummifer,3_non_listed,
1,Philodryas patagoniensis,120310,Philodryas patagoniensis,3_non_listed,
1,Crotalus pricei,35027,Crotalus pricei,3_non_listed,
1,Micrurus tschudii,2527855,Micrurus tschudii,3_non_listed,
1,Hydrophis lapemoides,8684,Hydrophis lapemoides,3_non_listed,
1,Hydrophis torquatus,747462,Hydrophis torquatus,3_non_listed,
1,Metlapilcoatlus mexicanus,2902644,Metlapilcoatlus mexicanus,3_non_listed,
1,Coelognathus radiatus,201391,Coelognathus radiatus,3_non_listed,
1,Lachesis stenophrys,88085,Lachesis stenophrys,2_who_listed,Lachesis stenophrys
1,Psammophis mossambicus,234064,Psammophis mossambicus,3_non_listed,
1,Cylindrophis ruffus,186578,Cylindrophis ruffus,3_non_listed,
1,Helicops angulatus,121331,Helicops angulatus,3_non_listed,
1,Crotalus morulus,2782198,Crotalus morulus,3_non_listed,
1,Hydrophis platurus,8688,Hydrophis platurus,3_non_listed,
1,Hydrophis ornatus,8685,Hydrophis ornatus,3_non_listed,
1,Micrurus diastema,39023,Micrurus diastema,3_non_listed,
