file,url,retrieved_at_utc,http_status,sha256
raw/taxonomy_batch_0.json,https://rest.uniprot.org/taxonomy/search?query=scientific%3A%22Acanthophis+antarcticus%22+OR+scientific%3A%22Acanthophis+cryptamydros%22+OR+scientific%3A%22Acanthophis+laevis%22+OR+scientific%3A%22Acanthophis+praelongus%22+OR+scientific%3A%22Acanthophis+pyrrhus%22+OR+scientific%3A%22Acanthophis+rugosus%22+OR+scientific%3A%22Acanthophis+wellsi%22+OR+scientific%3A%22Agkistrodon+bilineatus%22+OR+scientific%3A%22Agkistrodon+contortrix%22+OR+scientific%3A%22Agkistrodon+howardgloydi%22+OR+scientific%3A%22Agkistrodon+piscivorus%22+OR+scientific%3A%22Agkistrodon+russeolus%22+OR+scientific%3A%22Agkistrodon+taylori%22+OR+scientific%3A%22Atheris+broadleyi%22+OR+scientific%3A%22Atheris+chlorechis%22+OR+scientific%3A%22Atheris+squamigera%22+OR+scientific%3A%22Atractaspis+andersonii%22+OR+scientific%3A%22Atractaspis+bibronii%22+OR+scientific%3A%22Atractaspis+engaddensis%22+OR+scientific%3A%22Atractaspis+fallax%22&format=json&size=500,2026-10-08T14:18:30.311947+00:00,200,102e6e7daf0983c3c17be664ccfc7e10850f5078947af2a8959fb52c125ddf9a
raw/taxonomy_batch_1.json,https://rest.uniprot.org/taxonomy/search?query=scientific%3A%22Atractaspis+irregularis%22+OR+scientific%3A%22Atropoides+indomitus%22+OR+scientific%3A%22Atropoides+mexicanus%22+OR+scientific%3A%22Atropoides+nummifer%22+OR+scientific%3A%22Atropoides+occiduus%22+OR+scientific%3A%22Atropoides+olmec%22+OR+scientific%3A%22Atropoides+picadoi%22+OR+scientific%3A%22Austrelaps+labialis%22+OR+scientific%3A%22Austrelaps+ramsayi%22+OR+scientific%3A%22Austrelaps+superbus%22+OR+scientific%3A%22Bitis+arietans%22+OR+scientific%3A%22Bitis+gabonica%22+OR+scientific%3A%22Bitis+harenna%22+OR+scientific%3A%22Bitis+nasicornis%22+OR+scientific%3A%22Bitis+parviocula%22+OR+scientific%3A%22Bitis+rhinoceros%22+OR+scientific%3A%22Bothriechis+aurifer%22+OR+scientific%3A%22Bothriechis+bicolor%22+OR+scientific%3A%22Bothriechis+lateralis%22+OR+scientific%3A%22Bothriechis+marchi%22&format=json&size=500,2026-10-08T14:18:31.192552+00:00,200,6be48936bb8a43f2b5cf779098c48a9f2e8fb3d0a6951d9b34fa5ffe9e5440d5
raw/taxonomy_batch_2.json,https://rest.uniprot.org/taxonomy/search?query=scientific%3A%22Bothriechis+nigroviridis%22+OR+scientific%3A%22Bothriechis+rowleyi%22+OR+scientific%3A%22Bothriechis+schlegelii%22+OR+scientific%3A%22Bothriechis+supraciliaris%22+OR+scientific%3A%22Bothriechis+thalassinus%22+OR+scientific%3A%22Bothrocophias+campbelli%22+OR+scientific%3A%22Bothrocophias+colombianus%22+OR+scientific%3A%22Bothrocophias+hyoprora%22+OR+scientific%3A%22Bothrocophias+microphthalmus%22+OR+scientific%3A%22Bothrocophias+myersi%22+OR+scientific%3A%22Bothrops+alternatus%22+OR+scientific%3A%22Bothrops+ammodytoides%22+OR+scientific%3A%22Bothrops+andianus%22+OR+scientific%3A%22Bothrops+asper%22+OR+scientific%3A%22Bothrops+atrox%22+OR+scientific%3A%22Bothrops+barnetti%22+OR+scientific%3A%22Bothrops+bilineatus%22+OR+scientific%3A%22Bothrops+brazili%22+OR+scientific%3A%22Bothrops+caribbaeus%22+OR+scientific%3A%22Bothrops+diporus%22&format=json&size=500,2026-10-08T14:18:32.073270+00:00,200,e65963a7d9e9fbaf4cd7f5207e1ad5b823a9a58b7298eb3e70d6e0bbbeb1f6e3
raw/taxonomy_batch_3.json,https://rest.uniprot.org/taxonomy/search?query=scientific%3A%22Bothrops+jararaca%22+OR+scientific%3A%22Bothrops+jararacussu%22+OR+scientific%3A%22Bothrops+jonathani%22+OR+scientific%3A%22Bothrops+lanceolatus%22+OR+scientific%3A%22Bothrops+leucurus%22+OR+scientific%3A%22Bothrops+lojanus%22+OR+scientific%3A%22Bothrops+marajoensis%22+OR+scientific%3A%22Bothrops+mattogrossensis%22+OR+scientific%3A%22Bothrops+moojeni%22+OR+scientific%3A%22Bothrops+neuwiedi%22+OR+scientific%3A%22Bothrops+osbornei%22+OR+scientific%3A%22Bothrops+pictus%22+OR+scientific%3A%22Bothrops+pubescens%22+OR+scientific%3A%22Bothrops+punctatus%22+OR+scientific%3A%22Bothrops+roedingeri%22+OR+scientific%3A%22Bothrops+sanctaecrucis%22+OR+scientific%3A%22Bothrops+taeniatus%22+OR+scientific%3A%22Bothrops+venezuelensis%22+OR+scientific%3A%22Bungarus+bungaroides%22+OR+scientific%3A%22Bungarus+caeruleus%22&format=json&size=500,2026-10-08T14:18:32.927447+00:00,200,e26f4004516099b3db9a1bbad7cfa63a32f8cd1125d1968fd359a3db09fa8492
raw/taxonomy_batch_4.json,https://rest.uniprot.org/taxonomy/search?query=scientific%3A%22Bungarus+candidus%22+OR+scientific%3A%22Bungarus+ceylonicus%22+OR+scientific%3A%22Bungarus+fasciatus%22+OR+scientific%3A%22Bungarus+flaviceps%22+OR+scientific%3A%22Bungarus+lividus%22+OR+scientific%3A%22Bungarus+magnimaculatus%22+OR+scientific%3A%22Bungarus+multicinctus%22+OR+scientific%3A%22Bungarus+niger%22+OR+scientific%3A%22Bungarus+persicus%22+OR+scientific%3A%22Bungarus+sindanus%22+OR+scientific%3A%22Bungarus+slowinskii%22+OR+scientific%3A%22Bungarus+walli%22+OR+scientific%3A%22Calliophis+bivirgatus%22+OR+scientific%3A%22Calliophis+intestinalis%22+OR+scientific%3A%22Calloselasma+rhodostoma%22+OR+scientific%3A%22Cerastes+cerastes%22+OR+scientific%3A%22Cerastes+gasperettii%22+OR+scientific%3A%22Cerrophidion+barbouri%22+OR+scientific%3A%22Cerrophidion+godmani%22+OR+scientific%3A%22Cerrophidion+petlalcalensis%22&format=json&size=500,2026-10-08T14:18:33.797973+00:00,200,9d0e4f64dd213ad885b0608dcbd56ac264e2faf1ec2c80d5bcef5cbc6fd8590f
raw/taxonomy_batch_5.json,https://rest.uniprot.org/taxonomy/search?query=scientific%3A%22Cerrophidion+sasai%22+OR+scientific%3A%22Cerrophidion+tzotzilorum%22+OR+scientific%3A%22Cerrophidion+wilsoni%22+OR+scientific%3A%22Crotalus+adamanteus%22+OR+scientific%3A%22Crotalus+atrox%22+OR+scientific%3A%22Crotalus+basiliscus%22+OR+scientific%3A%22Crotalus+durissus%22+OR+scientific%3A%22Crotalus+horridus%22+OR+scientific%3A%22Crotalus+molossus%22+OR+scientific%3A%22Crotalus+oreganus%22+OR+scientific%3A%22Crotalus+ornatus%22+OR+scientific%3A%22Crotalus+ruber%22+OR+scientific%3A%22Crotalus+scutulatus%22+OR+scientific%3A%22Crotalus+simus%22+OR+scientific%3A%22Crotalus+totonacus%22+OR+scientific%3A%22Crotalus+tzabcan%22+OR+scientific%3A%22Crotalus+viridis%22+OR+scientific%3A%22Cryptelytrops+albolabris%22+OR+scientific%3A%22Cryptelytrops+erythrurus%22+OR+scientific%3A%22Cryptelytrops+insularis%22&format=json&size=500,2026-10-08T14:18:34.672884+00:00,200,e7907fab7aa454dc379d4aa89ed776096450d06da42eb49d54293675ee3ae697
raw/taxonomy_batch_6.json,https://rest.uniprot.org/taxonomy/search?query=scientific%3A%22Cryptelytrops+macrops%22+OR+scientific%3A%22Cryptelytrops+purpureomaculatus%22+OR+scientific%3A%22Cryptelytrops+septentrionalis%22+OR+scientific%3A%22Daboia+deserti%22+OR+scientific%3A%22Daboia+mauritanica%22+OR+scientific%3A%22Daboia+palaestinae%22+OR+scientific%3A%22Daboia+russelii%22+OR+scientific%3A%22Daboia+siamensis%22+OR+scientific%3A%22Deinagkistrodon+acutus%22+OR+scientific%3A%22Dendroaspis+angusticeps%22+OR+scientific%3A%22Dendroaspis+jamesoni%22+OR+scientific%3A%22Dendroaspis+polylepis%22+OR+scientific%3A%22Dendroaspis+viridis%22+OR+scientific%3A%22Dispholidus+typus%22+OR+scientific%3A%22Echis+borkini%22+OR+scientific%3A%22Echis+carinatus%22+OR+scientific%3A%22Echis+coloratus%22+OR+scientific%3A%22Echis+hughesi%22+OR+scientific%3A%22Echis+jogeri%22+OR+scientific%3A%22Echis+khosatzkii%22&format=json&size=500,2026-10-08T14:18:35.545533+00:00,200,3f83baf72b451113d151b4ce5d15e3e399b93e1501b5812418d0a3f0ca8c8001
raw/taxonomy_batch_7.json,https://rest.uniprot.org/taxonomy/search?query=scientific%3A%22Echis+leucogaster%22+OR+scientific%3A%22Echis+megalocephalus%22+OR+scientific%3A%22Echis+ocellatus%22+OR+scientific%3A%22Echis+omanensis%22+OR+scientific%3A%22Echis+pyramidum%22+OR+scientific%3A%22Eristocophis+macmahoni%22+OR+scientific%3A%22Gloydius+blomhoffi%22+OR+scientific%3A%22Gloydius+brevicaudus%22+OR+scientific%3A%22Gloydius+halys%22+OR+scientific%3A%22Gloydius+himalayanus%22+OR+scientific%3A%22Gloydius+intermedius%22+OR+scientific%3A%22Gloydius+tsushimaensis%22+OR+scientific%3A%22Gloydius+ussuriensis%22+OR+scientific%3A%22Hemachatus+haemachatus%22+OR+scientific%3A%22Himalayophis+tibetanus%22+OR+scientific%3A%22Hoplocephalus+bitorquatus%22+OR+scientific%3A%22Hoplocephalus+bungaroides%22+OR+scientific%3A%22Hoplocephalus+stephensii%22+OR+scientific%3A%22Hypnale+hypnale%22+OR+scientific%3A%22Hypnale+nepa%22&format=json&size=500,2026-10-08T14:18:36.406626+00:00,200,5034fd9e732ea70207611e6a316238f65644ea281e94fb39e762d90cd5dca465
raw/taxonomy_batch_8.json,https://rest.uniprot.org/taxonomy/search?query=scientific%3A%22Hypnale+zara%22+OR+scientific%3A%22Lachesis+acrochorda%22+OR+scientific%3A%22Lachesis+melanocephala%22+OR+scientific%3A%22Lachesis+muta%22+OR+scientific%3A%22Lachesis+stenophyrs%22+OR+scientific%3A%22Macrovipera+lebetina%22+OR+scientific%3A%22Macrovipera+schweizeri%22+OR+scientific%3A%22Micropechis+ikaheka%22+OR+scientific%3A%22Micruroides+euryxanthus%22+OR+scientific%3A%22Micrurus+circinalis%22+OR+scientific%3A%22Micrurus+corallinus%22+OR+scientific%3A%22Micrurus+fulvius%22+OR+scientific%3A%22Micrurus+lemniscatus%22+OR+scientific%3A%22Micrurus+mipartitus%22+OR+scientific%3A%22Micrurus+nigrocinctus%22+OR+scientific%3A%22Micrurus+spixii%22+OR+scientific%3A%22Micrurus+surinamensis%22+OR+scientific%3A%22Micrurus+tener%22+OR+scientific%3A%22Montivipera+raddei%22+OR+scientific%3A%22Montivipera+xanthina%22&format=json&size=500,2026-10-08T14:18:37.273299+00:00,200,c18c8fa62146bae336af0198b64e48750d449a1382c14f60e44223c6ec3de81b
raw/taxonomy_batch_9.json,https://rest.uniprot.org/taxonomy/search?query=scientific%3A%22Naja+anchietae%22+OR+scientific%3A%22Naja+annulata%22+OR+scientific%3A%22Naja+annulifera%22+OR+scientific%3A%22Naja+arabica%22+OR+scientific%3A%22Naja+ashei%22+OR+scientific%3A%22Naja+atra%22+OR+scientific%3A%22Naja+christyi%22+OR+scientific%3A%22Naja+haje%22+OR+scientific%3A%22Naja+kaouthia%22+OR+scientific%3A%22Naja+katiensis%22+OR+scientific%3A%22Naja+mandalayensis%22+OR+scientific%3A%22Naja+melanoleuca%22+OR+scientific%3A%22Naja+mossambica%22+OR+scientific%3A%22Naja+naja%22+OR+scientific%3A%22Naja+nigricincta%22+OR+scientific%3A%22Naja+nigricollis%22+OR+scientific%3A%22Naja+nivea%22+OR+scientific%3A%22Naja+nubiae%22+OR+scientific%3A%22Naja+oxiana%22+OR+scientific%3A%22Naja+pallida%22&format=json&size=500,2026-10-08T14:18:38.130142+00:00,200,e2018c73eb12c7067245e37f72836a8519bf1619cb2e90a2d57ced0dc138e081
raw/taxonomy_batch_10.json,https://rest.uniprot.org/taxonomy/search?query=scientific%3A%22Naja+philippinensis%22+OR+scientific%3A%22Naja+sagittifera%22+OR+scientific%3A%22Naja+samarensis%22+OR+scientific%3A%22Naja+senegalensis%22+OR+scientific%3A%22Naja+siamensis%22+OR+scientific%3A%22Naja+sputatrix%22+OR+scientific%3A%22Naja+sumatrana%22+OR+scientific%3A%22Notechis+scutatus%22+OR+scientific%3A%22Ophiophagus+hannah%22+OR+scientific%3A%22Ophryacus+melanurus%22+OR+scientific%3A%22Ophryacus+undulatus%22+OR+scientific%3A%22Oxyuranus+microlepidotus%22+OR+scientific%3A%22Oxyuranus+scutellatus%22+OR+scientific%3A%22Oxyuranus+temporalis%22+OR+scientific%3A%22Parias+flavomaculatus%22+OR+scientific%3A%22Parias+sumatranus%22+OR+scientific%3A%22Porthidium+arcosae%22+OR+scientific%3A%22Porthidium+dunni%22+OR+scientific%3A%22Porthidium+hespere%22+OR+scientific%3A%22Porthidium+lansbergii%22&format=json&size=500,2026-10-08T14:18:39.004734+00:00,200,3c47e1dabf98d9bc0ce633cc9c20e35c77e42c6969b47369129ad1510163ee1f
raw/taxonomy_batch_11.json,https://rest.uniprot.org/taxonomy/search?query=scientific%3A%22Porthidium+nasutum%22+OR+scientific%3A%22Porthidium+ophryomegas%22+OR+scientific%3A%22Porthidium+porrasi%22+OR+scientific%3A%22Porthidium+volcanicum%22+OR+scientific%3A%22Porthidium+yucatanicum%22+OR+scientific%3A%22Proatheris+superciliaris%22+OR+scientific%3A%22Protobothrops+elegans%22+OR+scientific%3A%22Protobothrops+flavoviridis%22+OR+scientific%3A%22Protobothrops+jerdonii%22+OR+scientific%3A%22Protobothrops+kaulbacki%22+OR+scientific%3A%22Protobothrops+mangshanensis%22+OR+scientific%3A%22Protobothrops+mucrosquamatus%22+OR+scientific%3A%22Pseudechis+australis%22+OR+scientific%3A%22Pseudechis+butleri%22+OR+scientific%3A%22Pseudechis+colletti%22+OR+scientific%3A%22Pseudechis+guttatus%22+OR+scientific%3A%22Pseudechis+papuanus%22+OR+scientific%3A%22Pseudechis+porphyriacus%22+OR+scientific%3A%22Pseudechis+rossignolii%22+OR+scientific%3A%22Pseudechis+weigeli%22&format=json&size=500,2026-10-08T14:18:39.856760+00:00,200,4931c4b1803cf276a892539981d90e2bb9fad52bcafd06a23239a176f06ae5d5
raw/taxonomy_batch_12.json,https://rest.uniprot.org/taxonomy/search?query=scientific%3A%22Pseudocerastes+fieldi%22+OR+scientific%3A%22Pseudocerastes+persicus%22+OR+scientific%3A%22Pseudohaje+goldii%22+OR+scientific%3A%22Pseudohaje+nigra%22+OR+scientific%3A%22Pseudonaja+affinis%22+OR+scientific%3A%22Pseudonaja+aspidorhyncha%22+OR+scientific%3A%22Pseudonaja+guttata%22+OR+scientific%3A%22Pseudonaja+inframacula%22+OR+scientific%3A%22Pseudonaja+ingrami%22+OR+scientific%3A%22Pseudonaja+mengdeni%22+OR+scientific%3A%22Pseudonaja+nuchalis%22+OR+scientific%3A%22Pseudonaja+tanneri%22+OR+scientific%3A%22Pseudonaja+textilis%22+OR+scientific%3A%22Rhabdophis+tigrinus%22+OR+scientific%3A%22Sistrurus+catenatus%22+OR+scientific%3A%22Sistrurus+miliarius%22+OR+scientific%3A%22Thelotornis+capensis%22+OR+scientific%3A%22Thelotornis+kirtlandii%22+OR+scientific%3A%22Thelotornis+mossambicanus%22+OR+scientific%3A%22Thelotornis+usambaricus%22&format=json&size=500,2026-10-08T14:18:40.720109+00:00,200,7c74d7b923e76ee4733d9b61bc4c2bf1b2d18e973d0a82e396796c51972b5661
raw/taxonomy_batch_13.json,https://rest.uniprot.org/taxonomy/search?query=scientific%3A%22Trimeresurus+albolabris%22+OR+scientific%3A%22Trimeresurus+cardamomensis%22+OR+scientific%3A%22Trimeresurus+gramineus%22+OR+scientific%3A%22Trimeresurus+hageni%22+OR+scientific%3A%22Trimeresurus+malabaricus%22+OR+scientific%3A%22Trimeresurus+purpureomaculatus%22+OR+scientific%3A%22Trimeresurus+rubeus%22+OR+scientific%3A%22Trimeresurus+stejnegeri%22+OR+scientific%3A%22Trimeresurus+trigonocephalus%22+OR+scientific%3A%22Tropidechis+carinatus%22+OR+scientific%3A%22Tropidolaemus+philippensis%22+OR+scientific%3A%22Tropidolaemus+subannulatus%22+OR+scientific%3A%22Vipera+ammodytes%22+OR+scientific%3A%22Vipera+aspis%22+OR+scientific%3A%22Vipera+berus%22+OR+scientific%3A%22Vipera+darevskii%22+OR+scientific%3A%22Vipera+ebneri%22+OR+scientific%3A%22Vipera+eriwanensis%22+OR+scientific%3A%22Vipera+kaznakovi%22+OR+scientific%3A%22Vipera+latastei%22&format=json&size=500,2026-10-08T14:18:41.601637+00:00,200,1f11e47fe0189cdfce856fc5ad72115537ce9966faa216d70b1021cbe3ecf35b
raw/taxonomy_batch_14.json,https://rest.uniprot.org/taxonomy/search?query=scientific%3A%22Vipera+lotievi%22+OR+scientific%3A%22Vipera+nikolskii%22+OR+scientific%3A%22Vipera+renardi%22+OR+scientific%3A%22Vipera+seoanei%22+OR+scientific%3A%22Vipera+ursinii%22+OR+scientific%3A%22Viridovipera+stejnegeri%22+OR+scientific%3A%22Walterinnesia+aegyptia%22+OR+scientific%3A%22Walterinnesia+morgani%22&format=json&size=500,2026-10-08T14:18:42.458275+00:00,200,19db041b70445fb82540a4a31c77282fd3dc3882fc08a8c646b36832de163926
raw/live_organisms.tsv,https://rest.uniprot.org/uniprotkb/stream?query=%28keyword%3AKW-0800%29+AND+%28taxonomy_id%3A8570%29&format=tsv&fields=accession%2Corganism_id%2Corganism_name,2026-10-08T14:18:51.321625+00:00,200,d49d84d0defe1395331936cc9badc0ac8e64ad4eff3c5fc3c9a2f745b653330c
