accession,species,family,best_identity,best_covered_species,best_covered_accession
A0A193CHJ5,Crotalus tzabcan,3FTx,100.0,Crotalus durissus,P62022
A0A2U8QPE6,Micrurus mipartitus,OTHER,82.2,Micrurus fulvius,U3EPI5
A4VBF0,Vipera nikolskii,3FTx,99.3,Vipera aspis,Q10754
B3EWF8,Micrurus mipartitus,3FTx,70.2,Micrurus fulvius,U3FAE1
C0HJL8,Bothriechis spp,PLA2,80.3,Crotalus durissus,P0CG56
F8QN53,Vipera renardi,PLA2,79.0,Daboia siamensis,A8CG78
F8QN54,Vipera renardi,3FTx,96.4,Vipera ammodytes,P14424
P0C6E4,Protobothrops jerdonii,SVMP,87.4,Protobothrops flavoviridis,P18619
P0C6S4,Eristocophis macmahoni,Disintegrin,39.8,Bitis arietans,P17497
P0DI89,Bothrops leucurus,LAAO,70.3,Bothrops jararaca,P0DI88
P0DJ86,Bothrops leucurus,SVSP,90.5,Bothrops jararaca,P81661
P0DJJ6,Bothrops leucurus,SVMP,15.0,Bothrops jararaca,P0C7A9
P0DUN5,Bothrops bilineatus,3FTx,80.3,Crotalus durissus,P86169
P0DW98,Protobothrops jerdonii,VEGF,91.1,Protobothrops flavoviridis,P67862
P13208,Atractaspis engaddensis,3FTx,0.0,,
P17349,Protobothrops elegans,SVMP,97.7,Protobothrops mucrosquamatus,O57413
P82896,Trimeresurus stejnegeri,PLA2,69.9,Deinagkistrodon acutus,Q7SID6
P83912,Protobothrops jerdonii,SVMP,85.7,Gloydius halys,Q8AWX7
P84776,Protobothrops mangshanensis,PLA2,82.0,Protobothrops mucrosquamatus,P22640
P84787,Protobothrops elegans,SVSP,86.8,Protobothrops mucrosquamatus,Q9DG84
P84907,Bothrops leucurus,SVMP,81.5,Bothrops moojeni,P85314
P86092,Bothrops leucurus,SVMP,50.3,Bothrops jararaca,Q0NZX9
Q1RP78,Vipera nikolskii,3FTx,99.3,Vipera aspis,Q8JFG0
Q1RP79,Vipera nikolskii,3FTx,97.8,Vipera aspis,Q8JFG0
Q2LD49,Trimeresurus stejnegeri,SVMP,87.6,Protobothrops flavoviridis,Q90ZI3
Q6H3C8,Trimeresurus stejnegeri,PLA2,88.4,Protobothrops flavoviridis,Q92147
Q6H3D0,Trimeresurus stejnegeri,PLA2,81.2,Gloydius intermedius,C0HMH2
Q6T179,Naja sagittifera,PLA2,76.0,Naja sputatrix,Q92084
Q7ZZS9,Protobothrops jerdonii,SVMP,92.3,Protobothrops flavoviridis,P14530
Q8AY79,Trimeresurus stejnegeri,SVSP,88.0,Gloydius intermedius,A0A286S0F5
Q8AY80,Trimeresurus stejnegeri,SVSP,81.8,Bothrops jararaca,A0A8T1N4Y0
Q8AY81,Trimeresurus stejnegeri,SVSP,86.2,Gloydius intermedius,A0A286S0D6
Q90YA6,Protobothrops elegans,SVMP,94.8,Protobothrops mucrosquamatus,O57413
Q91516,Trimeresurus stejnegeri,SVSP,86.8,Gloydius intermedius,A0A286S0E6
Q9DF67,Protobothrops jerdonii,SVSP,88.4,Gloydius intermedius,A0A286S0E6
B0ZT25,Protobothrops jerdonii,SVSP,92.3,Protobothrops flavoviridis,O13057
D1MGU0,Protobothrops jerdonii,OTHER,85.9,Protobothrops mucrosquamatus,Q5FZI6
D1MGU1,Protobothrops jerdonii,OTHER,80.1,Protobothrops mucrosquamatus,Q8JGT6
F8QN51,Vipera renardi,PLA2,78.3,Daboia siamensis,A8CG78
P0C2D3,Eristocophis macmahoni,LAAO,51.9,Daboia russelii,P0DI90
P0C6B6,Trimeresurus albolabris,SVMP,82.1,Crotalus atrox,C9E1R7
P0CJ41,Trimeresurus albolabris,SVSP,84.9,Gloydius intermedius,A0A286S0F5
P0DJ62,Bothrops leucurus,PLA2,55.0,Lachesis muta,P0C932
P0DJF6,Trimeresurus albolabris,SVSP,84.9,Protobothrops flavoviridis,O13058
P0DJF7,Trimeresurus purpureomaculatus,SVSP,89.5,Bothrops jararaca,P81883
P0DJH2,Trimeresurus albolabris,SVMP,0.0,,
P0DJK0,Atractaspis irregularis,3FTx,0.0,,
P0DJL1,Trimeresurus albolabris,OTHER,0.0,,
P0DKR3,Pseudocerastes fieldi,3FTx,87.7,Vipera ammodytes,P04084
P0DKR5,Pseudocerastes fieldi,3FTx,93.4,Vipera ammodytes,P14420
P0DM39,Trimeresurus albolabris,OTHER,77.7,Crotalus durissus,O93427
P0DM43,Protobothrops jerdonii,SVSP,85.7,Gloydius ussuriensis,P0C590
P0DM87,Trimeresurus stejnegeri,SVMP,82.4,Gloydius halys,Q8AWX7
P0DM88,Protobothrops jerdonii,SVMP,25.1,Protobothrops flavoviridis,A0A077LAC3
P0DMU0,Protobothrops jerdonii,SVSP,76.2,Gloydius ussuriensis,P0C590
P0DMU1,Protobothrops jerdonii,SVSP,80.0,Gloydius ussuriensis,P0C590
P0DRJ8,Bitis nasicornis,SVMP,0.0,,
P0DW97,Daboia palaestinae,VEGF,96.4,Vipera aspis,P83942
P14556,Naja pallida,3FTx,91.5,Naja mossambica,P00604
P20897,Crotalus ruber,SVMP,76.8,Crotalus atrox,Q91401
P81743,Eristocophis macmahoni,Disintegrin,77.9,Vipera berus,P0C6A6
P82893,Trimeresurus stejnegeri,PLA2,0.0,,
P84788,Protobothrops elegans,SVSP,85.2,Protobothrops mucrosquamatus,Q91509
P86497,Bitis rhinoceros,SVSP,33.7,Bitis arietans,P0DRK3
P86974,Bothrops leucurus,PLA2,87.0,Bothrops jararacussu,P45881
Q2PG81,Protobothrops elegans,PLA2,92.8,Protobothrops mucrosquamatus,Q2PWA3
Q6H3C5,Trimeresurus stejnegeri,PLA2,60.9,Bothrops jararacussu,P45881
Q6H3C6,Trimeresurus stejnegeri,PLA2,83.1,Gloydius ussuriensis,Q7LZQ4
Q6H3C7,Trimeresurus stejnegeri,PLA2,99.3,Calloselasma rhodostoma,Q9PVF2
Q6H3C9,Trimeresurus stejnegeri,PLA2,79.0,Bothrops moojeni,G3DT18
Q6H3D1,Trimeresurus stejnegeri,PLA2,0.0,,
Q6H3D2,Trimeresurus stejnegeri,PLA2,0.0,,
Q6H3D3,Trimeresurus stejnegeri,PLA2,80.4,Bothrops atrox,Q6JK69
Q6H3D4,Trimeresurus stejnegeri,PLA2,81.2,Bothrops atrox,Q6JK69
Q6H3D5,Trimeresurus stejnegeri,PLA2,0.0,,
Q6H3D6,Trimeresurus stejnegeri,PLA2,0.0,,
Q6H3D7,Trimeresurus stejnegeri,PLA2,0.0,,
Q6WP39,Trimeresurus stejnegeri,LAAO,90.1,Protobothrops flavoviridis,P0C2D5
Q7T1R0,Bungarus flaviceps,3FTx,77.6,Bungarus candidus,Q75S51
Q7T1R1,Bungarus flaviceps,3FTx,82.3,Bungarus candidus,Q75S51
Q7ZZM2,Protobothrops jerdonii,Disintegrin,100.0,Daboia siamensis,A0A2H4Z2X6
Q8JIY9,Protobothrops jerdonii,PLA2,90.6,Protobothrops mucrosquamatus,Q9I968
Q98996,Daboia palaestinae,PLA2,87.0,Daboia siamensis,A8CG78
X5ICI2,Gloydius tsushimaensis,VEGF,84.2,Bothrops moojeni,A0A2H4N383
A0A077L7X3,Protobothrops elegans,SVMP,98.0,Protobothrops flavoviridis,A0A077L854
A0A077LA46,Protobothrops elegans,SVSP,95.3,Protobothrops mucrosquamatus,Q91510
A0A077LCZ4,Protobothrops elegans,OTHER,80.8,Bothrops atrox,A0A1L8D5U5
A0A193CHI7,Crotalus tzabcan,OTHER,97.1,Crotalus scutulatus,A0A1J0R042
A0A193CHJ1,Crotalus tzabcan,OTHER,100.0,Crotalus basiliscus,A0A193CHK6
A0A193CHJ3,Crotalus tzabcan,OTHER,88.4,Crotalus scutulatus,A0A1J0R042
A0A898IKL9,Calliophis bivirgatus,SVMP,83.1,Micrurus fulvius,A0A0F7YZ00
A0A898ILA7,Calliophis bivirgatus,SVMP,81.6,Pseudechis spp,Q3HXY4
A0A898ILG0,Calliophis bivirgatus,SVMP,81.5,Micrurus fulvius,A0A0F7YZ00
A0A898INF1,Calliophis bivirgatus,SVMP,84.0,Micrurus fulvius,A0A0F7YZ00
A7LAC6,Trimeresurus albolabris,SVSP,85.0,Gloydius intermedius,A0A286S0D6
A7LAC7,Trimeresurus albolabris,SVSP,84.6,Gloydius intermedius,A0A286S0D6
C0HJM5,Cerrophidion sasai,Disintegrin,93.2,Gloydius halys,Q9DGH6
C0HJR1,Micrurus mipartitus,3FTx,0.0,,
C0HJR2,Micrurus mipartitus,3FTx,0.0,,
D5J9R7,Bungarus flaviceps,3FTx,78.2,Bungarus candidus,Q75S51
D5J9R8,Bungarus flaviceps,3FTx,0.0,,
D8MIA0,Bitis rhinoceros,SVSP,99.6,Bitis gabonica,Q6T6S7
D8MIA1,Bitis rhinoceros,SVSP,93.8,Bitis gabonica,Q6T6S7
D8MIA2,Bitis rhinoceros,SVSP,77.9,Echis coloratus,E9JFZ8
D8MIA3,Bitis rhinoceros,SVSP,74.2,Vipera ammodytes,A0A1I9KNR8
E2DQZ5,Protobothrops jerdonii,OTHER,90.5,Protobothrops mucrosquamatus,Q6TPG9
E2DQZ6,Protobothrops jerdonii,OTHER,96.8,Protobothrops mucrosquamatus,Q8JGT7
E5AJX2,Vipera nikolskii,SVSP,97.7,Vipera ammodytes,A0A6B7FQF8
F8QN50,Vipera renardi,3FTx,96.4,Vipera berus,Q6A394
F8QN52,Vipera renardi,PLA2,87.7,Daboia siamensis,A8CG78
I7ICN3,Bitis rhinoceros,CTL,0.0,,
I7JUQ0,Bitis rhinoceros,CTL,0.0,,
M5BGS2,Atheris squamigera,Disintegrin,84.7,Echis ocellatus,Q3BER2
M5BGY5,Atheris chlorechis,Disintegrin,85.6,Echis ocellatus,Q3BER2
P01389,Naja anchietae,3FTx,93.1,Naja haje,P25674
P01426,Naja pallida,3FTx,88.5,Hemachatus haemachatus,P01425
P01468,Naja pallida,3FTx,98.3,Naja mossambica,P01467
P0C6E2,Daboia palaestinae,Disintegrin,92.7,Macrovipera lebetina,P83469
P0DJ87,Bothrops leucurus,SVMP,45.8,Gloydius brevicaudus,O93518
P0DJF4,Trimeresurus albolabris,SVSP,81.8,Crotalus durissus,P0DKX2
P0DJF5,Trimeresurus albolabris,SVSP,86.8,Gloydius intermedius,A0A286S0E6
P0DJK1,Atractaspis irregularis,3FTx,0.0,,
P0DJL2,Trimeresurus purpureomaculatus,OTHER,64.7,Protobothrops mucrosquamatus,Q5FZI6
P0DJL3,Trimeresurus purpureomaculatus,OTHER,64.4,Protobothrops mucrosquamatus,Q8JGT6
P0DJL4,Daboia palaestinae,OTHER,0.0,,
P0DJL5,Daboia palaestinae,OTHER,0.0,,
P0DJM6,Protobothrops mangshanensis,3FTx,78.3,Gloydius intermedius,P0DJM8
P0DJP6,Trimeresurus stejnegeri,PLA2,0.0,,
P0DJP7,Trimeresurus stejnegeri,PLA2,16.1,Gloydius halys,P14418
P0DJP8,Trimeresurus stejnegeri,PLA2,17.1,Deinagkistrodon acutus,Q7SID6
P0DJP9,Trimeresurus stejnegeri,PLA2,73.9,Crotalus viridis,P0DJM5
P0DJQ0,Trimeresurus stejnegeri,PLA2,16.4,Protobothrops mucrosquamatus,P22640
P0DJQ2,Trimeresurus stejnegeri,PLA2,82.6,Bothrops asper,Q9PRT7
P0DKL8,Vipera renardi,SVSP,76.5,Pseudocerastes persicus,C0HLB2
P0DKR4,Pseudocerastes fieldi,3FTx,13.1,Vipera aspis,Q6A3B8
P0DL82,Calliophis bivirgatus,3FTx,0.0,,
P0DM38,Trimeresurus albolabris,OTHER,86.7,Protobothrops mucrosquamatus,Q6TPH0
P0DRJ9,Bitis nasicornis,SVMP,5.1,Crotalus adamanteus,A0AAW1BHH2
P0DRK0,Bitis rhinoceros,SVMP,0.0,,
P13211,Atractaspis engaddensis,3FTx,0.0,,
P22826,Eristocophis macmahoni,Disintegrin,0.0,,
P24541,Eristocophis macmahoni,SVSP,88.2,Pseudocerastes persicus,C0HLB2
P24644,Calliophis bivirgatus,3FTx,25.2,Naja atra,A4FS04
P24645,Calliophis bivirgatus,3FTx,24.4,Naja atra,A4FS04
P34074,Naja annulata,3FTx,91.5,Naja haje,P25674
P34076,Naja christyi,3FTx,83.9,Naja naja,C0HM08
P60623,Trimeresurus stejnegeri,3FTx,86.2,Protobothrops mucrosquamatus,P79845
P62384,Trimeresurus albolabris,Disintegrin,87.7,Gloydius halys,Q9DGH6
P81111,Trimeresurus albolabris,OTHER,0.0,,
P81112,Trimeresurus albolabris,OTHER,67.1,Deinagkistrodon acutus,Q8AYA5
P81113,Trimeresurus albolabris,OTHER,0.0,,
P81114,Trimeresurus albolabris,OTHER,65.8,Deinagkistrodon acutus,Q8JIW1
P81115,Trimeresurus albolabris,OTHER,76.9,Protobothrops mucrosquamatus,Q5FZI6
P81116,Trimeresurus albolabris,OTHER,76.7,Protobothrops mucrosquamatus,Q8JGT6
P81742,Eristocophis macmahoni,Disintegrin,88.4,Macrovipera lebetina,P0C6B0
P83345,Naja sagittifera,3FTx,91.7,Naja naja,P86382
P85005,Proatheris superciliaris,SVMP,0.0,,
P86094,Micrurus surinamensis,3FTx,0.0,,
P86095,Micrurus surinamensis,3FTx,71.7,Dendroaspis viridis,P01418
P86096,Micrurus surinamensis,3FTx,0.0,,
P86097,Micrurus surinamensis,3FTx,0.0,,
P86098,Micrurus surinamensis,3FTx,0.0,,
P86099,Micrurus surinamensis,3FTx,0.0,,
P86975,Bothrops leucurus,PLA2,93.4,Bothrops brazili,I6L8L6
Q2PG83,Protobothrops elegans,PLA2,90.6,Protobothrops flavoviridis,P06859
Q3HTN1,Trimeresurus stejnegeri,SVMP,77.4,Protobothrops flavoviridis,P20164
Q3HTN2,Trimeresurus stejnegeri,SVMP,77.0,Protobothrops flavoviridis,P20164
Q71QH5,Trimeresurus stejnegeri,SVSP,85.6,Crotalus scutulatus,A0A2I7YSA7
Q71QH6,Trimeresurus stejnegeri,SVSP,81.4,Bothrops jararaca,A0A8T1N4Y0
Q71QH7,Trimeresurus stejnegeri,SVSP,89.1,Gloydius intermedius,A0A286S0F5
Q71QH8,Trimeresurus stejnegeri,SVSP,83.3,Bothrops jararaca,A0A8T1N2W5
Q71QH9,Trimeresurus stejnegeri,SVSP,80.0,Crotalus adamanteus,J3S833
Q71QI0,Trimeresurus stejnegeri,SVSP,92.7,Protobothrops flavoviridis,O13057
Q71QI1,Trimeresurus stejnegeri,SVSP,81.8,Bothrops jararaca,A0A8T1N4Y0
Q71QI2,Trimeresurus stejnegeri,SVSP,85.7,Protobothrops flavoviridis,O13058
Q71QI3,Trimeresurus stejnegeri,SVSP,83.7,Bothrops jararaca,A0A8T1N2W5
Q71QI4,Trimeresurus stejnegeri,SVSP,80.4,Crotalus adamanteus,J3S833
Q71QI5,Trimeresurus stejnegeri,SVSP,85.2,Crotalus scutulatus,A0A2I7YSA7
Q71QI6,Trimeresurus stejnegeri,SVSP,77.4,Crotalus adamanteus,J3S832
Q71QI7,Trimeresurus stejnegeri,SVSP,84.0,Crotalus scutulatus,A0A2I7YSA7
Q71QI8,Trimeresurus stejnegeri,SVSP,86.8,Crotalus scutulatus,A0A2I7YSA7
Q71QI9,Trimeresurus stejnegeri,SVSP,78.2,Crotalus durissus,B0FXM2
Q71QJ0,Trimeresurus stejnegeri,SVSP,85.2,Crotalus scutulatus,A0A2I7YSA7
Q71QJ1,Trimeresurus stejnegeri,SVSP,86.0,Crotalus scutulatus,A0A2I7YSA7
Q71QJ2,Trimeresurus stejnegeri,SVSP,80.8,Crotalus adamanteus,J3S833
Q71QJ3,Trimeresurus stejnegeri,SVSP,86.8,Crotalus scutulatus,A0A2I7YSA7
Q71QJ4,Trimeresurus stejnegeri,SVSP,83.8,Gloydius ussuriensis,Q8UVX1
Q71RQ7,Trimeresurus stejnegeri,OTHER,80.1,Protobothrops mucrosquamatus,Q5FZI6
Q7T2Q6,Bungarus flaviceps,3FTx,69.4,Bungarus multicinctus,P00989
Q8AY78,Trimeresurus stejnegeri,SVSP,79.5,Bothrops jararaca,A0A8T1N4Y0
Q8AY82,Trimeresurus stejnegeri,SVSP,92.3,Protobothrops flavoviridis,O13057
Q9DF66,Protobothrops jerdonii,SVSP,85.3,Gloydius intermedius,A0A286S0E6
Q9DF68,Protobothrops jerdonii,SVSP,86.5,Protobothrops flavoviridis,O13057
Q9PSN7,Crotalus ruber,SVMP,67.0,Bothrops jararaca,Q0NZX9
Q9PWR6,Daboia palaestinae,PLA2,85.5,Daboia siamensis,A8CG78
Q9YGJ7,Daboia palaestinae,PLA2,82.6,Daboia siamensis,A8CG78
A0A077L6L4,Protobothrops elegans,OTHER,89.7,Gloydius intermedius,A0A068EPZ2
A0A077L6L9,Protobothrops elegans,SVMP,41.8,Bothrops atrox,C5H5D4
A0A077L7U3,Protobothrops elegans,SVMP,17.1,Crotalus durissus,Q90Y12
A0A077LA64,Protobothrops elegans,PDE,97.8,Protobothrops flavoviridis,T2HRT4
A0A2P1BSS8,Micrurus mipartitus,3FTx,58.5,Naja atra,Q8UUK0
A0A2P1BSS9,Micrurus mipartitus,3FTx,69.0,Micrurus fulvius,U3FAE1
A0A2P1BST7,Micrurus mipartitus,3FTx,71.4,Micrurus fulvius,U3FAE1
A0A2P1BSU3,Micrurus mipartitus,3FTx,57.1,Micrurus fulvius,U3FAE1
A0A2U8QNR2,Micrurus mipartitus,LAAO,81.1,Naja atra,A8QL58
A0A2U8QNR3,Micrurus mipartitus,LAAO,81.3,Naja atra,A8QL58
A0A2U8QNR6,Micrurus mipartitus,LAAO,81.3,Naja atra,A8QL58
A0A2U8QNR7,Micrurus mipartitus,LAAO,81.1,Naja atra,A8QL58
A0A2U8QNU6,Micrurus mipartitus,LAAO,81.3,Naja atra,A8QL58
A0A898IKT8,Calliophis bivirgatus,SVMP,83.2,Naja naja,A0A8C6XJV4
A0A898ILE9,Calliophis bivirgatus,SVMP,81.9,Naja naja,A0A8C7DZU5
A0A898ILL7,Calliophis bivirgatus,SVMP,81.2,Micrurus fulvius,U3EPC7
A0A898ILW0,Calliophis bivirgatus,SVSP,86.8,Naja naja,A0A8C6Y285
A0A898INC7,Calliophis bivirgatus,PDE,93.9,Micrurus fulvius,U3FAB3
A0A898ING0,Calliophis bivirgatus,CNP,75.8,Rhabdophis tigrinus,D1MZV3
A0A898INH6,Calliophis bivirgatus,SVMP,81.6,Naja naja,A0A8C6XIQ9
A0AAU6NT02,Micrurus mipartitus,SVSP,80.6,Naja naja,A0A8C6Y6N2
A0AAU6NT91,Micrurus mipartitus,SVSP,80.5,Naja naja,A0A8C6Y2X0
B7FDI0,Vipera nikolskii,3FTx,92.1,Vipera berus,B7FDI1
C0HK50,Crotalus tzabcan,Disintegrin,95.8,Crotalus basiliscus,P31981
D5J9Q8,Bungarus flaviceps,SVSP,71.1,Walterinnesia aegyptia,C1IC50
D5J9S0,Bungarus flaviceps,CNP,39.9,Oxyuranus scutellatus,P83228
H9M5U4,Crotalus ruber,Disintegrin,83.6,Crotalus viridis,A2CJE6
M5A7M5,Protobothrops elegans,SVMP,81.1,Protobothrops flavoviridis,P0C7P5
P0C7R9,Bothrops leucurus,SVMP,100.0,Bothrops alternatus,P0C7R7
P0DJB0,Micrurus lemniscatus,3FTx,0.0,,
P0DJQ1,Trimeresurus stejnegeri,PLA2,0.0,,
P0DKL7,Vipera renardi,PLA2,0.0,,
P0DRK2,Bitis nasicornis,SVMP,83.3,Bothrops jararaca,P01022
P0DV80,Bitis rhinoceros,OTHER,0.0,,
P0DV81,Bitis rhinoceros,OTHER,0.0,,
P15815,Bungarus flaviceps,3FTx,62.1,Bungarus multicinctus,P01398
P24742,Calliophis bivirgatus,3FTx,0.0,,
P34075,Naja annulata,3FTx,77.0,Naja melanoleuca,P01424
P80163,Atractaspis bibronii,3FTx,0.0,,
P81995,Trimeresurus purpureomaculatus,3FTx,13.6,Echis coloratus,P0DMT4
P85006,Proatheris superciliaris,SVMP,0.0,,
Q71RP8,Trimeresurus stejnegeri,OTHER,0.0,,
Q71RP9,Trimeresurus stejnegeri,OTHER,76.4,Protobothrops flavoviridis,Q8AV98
Q71RQ0,Trimeresurus stejnegeri,OTHER,82.4,Protobothrops flavoviridis,Q8AV98
Q71RQ1,Trimeresurus stejnegeri,OTHER,83.5,Bothrops atrox,A0A1L8D6E6
Q71RQ8,Trimeresurus stejnegeri,OTHER,0.0,,
Q71RQ9,Trimeresurus stejnegeri,OTHER,70.5,Deinagkistrodon acutus,Q9DEA1
Q71RR0,Trimeresurus stejnegeri,OTHER,82.2,Protobothrops flavoviridis,P23807
Q71RR1,Trimeresurus stejnegeri,OTHER,92.5,Protobothrops flavoviridis,P23807
Q71RR2,Trimeresurus stejnegeri,OTHER,91.8,Protobothrops flavoviridis,P23807
Q71RR4,Trimeresurus stejnegeri,OTHER,84.9,Protobothrops flavoviridis,P23806
Q7ZZN9,Protobothrops jerdonii,3FTx,91.7,Protobothrops flavoviridis,Q8JI39
Q9PT47,Atractaspis andersonii,SVMP,0.0,,
Q9PT48,Atractaspis engaddensis,SVMP,68.7,Acanthophis spp,R4G2D3
Q9PT49,Atractaspis andersonii,SVMP,3.3,Micrurus corallinus,P0DM46
A0A077L6M9,Protobothrops elegans,CTL,94.7,Protobothrops flavoviridis,T2HPS7
A0A077L7D6,Protobothrops elegans,SVMP,59.5,Protobothrops flavoviridis,T2HP35
A0A077L7E1,Protobothrops elegans,SVMP,48.4,Protobothrops flavoviridis,A0A077LD96
A0A077L7Y5,Protobothrops elegans,CTL,64.4,Sistrurus catenatus,B0VXV0
A0A077LA53,Protobothrops elegans,SVMP,63.2,Deinagkistrodon acutus,A0A0M4MEY5
A0A077LA61,Protobothrops elegans,3FTx,94.2,Protobothrops mucrosquamatus,P79845
A0A077LA68,Protobothrops elegans,OTHER,94.6,Protobothrops flavoviridis,T2HP42
A0A077LA75,Protobothrops elegans,SVMP,13.5,Bothrops jararaca,A0A8T1N4U4
A0A077LD04,Protobothrops elegans,CTL,57.1,Protobothrops flavoviridis,T2HP30
A0A191UIS4,Atropoides spp,OTHER,100.0,Bothrops asper,A0A191UIN6
A0A191UIW0,Atropoides spp,OTHER,100.0,Bothrops asper,A0A191UIV7
A0A193CHJ2,Crotalus tzabcan,CTL,82.4,Crotalus horridus,T1DJZ7
A0A193CHJ4,Crotalus tzabcan,CTL,85.4,Crotalus adamanteus,F8S0Z2
A0A193CHJ9,Crotalus tzabcan,CTL,86.1,Crotalus adamanteus,F8S0Z2
A0A6H1Z3X8,Trimeresurus purpureomaculatus,OTHER,0.0,,
A0A898IKE8,Calliophis bivirgatus,SVSP,31.2,Ophiophagus hannah,V8N4F6
A0A898ILB7,Calliophis bivirgatus,SVSP,35.0,Naja naja,A0A8C6Y6N2
A0A898INB6,Calliophis bivirgatus,SVSP,37.5,Naja naja,A0A8C6Y6N2
A0A898INI2,Calliophis bivirgatus,3FTx,88.6,Ophiophagus hannah,V8NEU2
A0A898INP5,Calliophis bivirgatus,SVSP,69.9,Walterinnesia aegyptia,C1IC52
A0A898IPM7,Calliophis bivirgatus,SVSP,71.1,Walterinnesia aegyptia,C1IC52
A0A898IPP5,Calliophis bivirgatus,SVSP,69.9,Walterinnesia aegyptia,C1IC52
D5J9N8,Bungarus flaviceps,3FTx,46.5,Oxyuranus scutellatus,A8HDK2
D5J9N9,Bungarus flaviceps,3FTx,0.0,,
D5J9P0,Bungarus flaviceps,3FTx,0.0,,
D5J9P1,Bungarus flaviceps,3FTx,62.4,Walterinnesia aegyptia,C1IC47
D5J9P2,Bungarus flaviceps,3FTx,62.4,Walterinnesia aegyptia,C1IC47
D5J9P3,Bungarus flaviceps,3FTx,80.2,Bungarus multicinctus,Q7ZT13
D5J9P4,Bungarus flaviceps,3FTx,76.7,Bungarus fasciatus,P0C554
D5J9P5,Bungarus flaviceps,3FTx,0.0,,
D5J9P6,Bungarus flaviceps,3FTx,83.0,Bungarus candidus,P81783
D5J9P8,Bungarus flaviceps,3FTx,0.0,,
D5J9P9,Bungarus flaviceps,3FTx,89.5,Bungarus fasciatus,A2CKF7
D5J9Q0,Bungarus flaviceps,3FTx,93.0,Bungarus fasciatus,A2CKF7
D5J9Q1,Bungarus flaviceps,3FTx,94.2,Bungarus fasciatus,A2CKF7
D5J9Q2,Bungarus flaviceps,OTHER,0.0,,
F2Q6F7,Trimeresurus stejnegeri,3FTx,89.6,Protobothrops mucrosquamatus,P79845
F2Q6F8,Trimeresurus stejnegeri,3FTx,90.8,Protobothrops flavoviridis,T2HP25
F2Q6F9,Trimeresurus stejnegeri,3FTx,89.2,Protobothrops mucrosquamatus,P79845
