product,n_indicated_species
Agkistrodon Acutus antivenin,1
Agkistrodon Salmusa Antivenom,3
Agkistrodon halys antivenin,1
Anti Yamakagashi Antivenom,1
Anti viper anti adder venom,1
Anti viperin,2
Antibotropico Butantan,6
Antibotropico CPPI,6
Antibotropico FUNED,6
Antibotropico IVB,6
Antibotropico Polivalente,5
Antibotropico bivalente,3
Antibotropico crotalico Butantan,7
Antibotropico crotalico FUNED,7
Antibotropico crotalico IVB,7
Antibotropico laquetico Butantan,7
Antibotropico laquetico FUNED,7
Antibotropico laquetico IVB,7
Anticoral monovalent,1
Anticrotalico Butantan,1
Anticrotalico FUNED,1
Anticrotalico IVB,1
Anticrotalico Monovalente,1
Antielapidico Butantan,2
Antielapidico FUNED,2
Antilachesico Monovalente,1
Antiofidico Bivalente Antibothropico,2
Antiofidico Bothropico Polivalente,2
Antiofidico Polivalente,2
Antiofidico Polivalente BIOL,4
Antiofidico Polivalente Botropico Crotalico,4
Antiofidico Polivalente Botropico Laquetico,4
Antiofidico Polivalente CDBiotecnologia,5
Antiveneno Bothropico Bivalente,4
Antiveneno Bothropico Crotalico,4
Antiveneno Bothropico Tetravalente,6
Antiveneno Crotalico,1
Antiveneno Micrurus,2
Antivenin Micrurus fulvius,2
Antivenom B multicinctus N n naja,2
Antivenom Tr mucrosquamatus stejnegeri,2
Antivipmyn,10
Antivipmyn TRI,3
Banded krait antivenin QSMI,1
Bivalent Naja Walterinnesia Snake AV,4
BothroFAV,2
Bungarus Antivenom,1
Bungarus multicinctus antivenin,1
CSL Black Snake antivenom,4
CSL Brown Snake antivenom,6
CSL Death Adder antivenom,5
CSL Polyvalent antivenom,22
CSL Taipan antivenom,3
CSL Tiger Snake antivenom,5
Cobra Antivenin QSMI,3
Cobra antivenin,1
Coralmyn,2
FAV Afrique,11
Faboterapico Polivalente Antiviperino,3
Favirept,6
Gamma Vip,2
Green Pit Viper Antivenin QSMI,5
Habu antivenom,1
Haemato polyvalent snake antivenom QSMI,5
King cobra antivenin QSMI,1
Malayan krait antivenin QSMI,1
Malayan pit viper antivenin QSMI,1
Mamushi Antivenom Kaketsuken,2
Monovalent Antivenin Snorkel Viper,1
Monovalent Naja philippinensis Cobra Antivenin,3
Naja naja atra antivenom,1
Neuro polyvalent snake antivenom QSMI,6
Polyvalent Anti Snake Venom,3
Polyvalent Anti viper Venom VACSERA,2
Polyvalent Antisnake Venom,4
Polyvalent Antivenom ICP,11
Polyvalent Snake Antivenin Asia,4
Polyvalent Snake Antivenom,10
Polyvalent Snake Antivenom Asia,2
Polyvalent Snake Antivenom Razi,6
Polyvalent Snake Antivenom VACSERA,3
Polyvalent crotalid antivenom CroFab,11
Russells viper antivenin QSMI,1
SAIMR Boomslang antivenom,1
SAIMR Echis antivenom,2
SAIMR Polyvalent Snake antivenom,10
SAV Naja,1
SAV Tri,1
Snake Venom Antiserum IP Asia,4
Snake antivenin IP Asia,4
Viper Venom Antitoxin,3
Viper antivenin,1
Viper venom antitoxin European,4
Viperfav,3
