accession,species,family,length,afdb
A0A193CHJ5,Crotalus tzabcan,3FTx,138,yes
A0A2U8QPE6,Micrurus mipartitus,OTHER,501,yes
A4VBF0,Vipera nikolskii,3FTx,138,yes
B3EWF8,Micrurus mipartitus,3FTx,81,yes
C0HJL8,Bothriechis spp,PLA2,122,yes
F8QN53,Vipera renardi,PLA2,137,yes
F8QN54,Vipera renardi,3FTx,138,yes
P0C6E4,Protobothrops jerdonii,SVMP,483,yes
P0C6S4,Eristocophis macmahoni,Disintegrin,49,yes
P0DI89,Bothrops leucurus,LAAO,30,yes
P0DJ86,Bothrops leucurus,SVSP,231,no
P0DJJ6,Bothrops leucurus,SVMP,9,no
P0DUN5,Bothrops bilineatus,3FTx,98,yes
P0DW98,Protobothrops jerdonii,VEGF,143,yes
P13208,Atractaspis engaddensis,3FTx,543,yes
P17349,Protobothrops elegans,SVMP,481,yes
P82896,Trimeresurus stejnegeri,PLA2,122,yes
P83912,Protobothrops jerdonii,SVMP,484,yes
P84776,Protobothrops mangshanensis,PLA2,121,yes
P84787,Protobothrops elegans,SVSP,233,yes
P84907,Bothrops leucurus,SVMP,202,yes
P86092,Bothrops leucurus,SVMP,324,yes
Q1RP78,Vipera nikolskii,3FTx,138,yes
Q1RP79,Vipera nikolskii,3FTx,138,yes
Q2LD49,Trimeresurus stejnegeri,SVMP,621,yes
Q6H3C8,Trimeresurus stejnegeri,PLA2,138,yes
Q6H3D0,Trimeresurus stejnegeri,PLA2,138,yes
Q6T179,Naja sagittifera,PLA2,126,yes
Q7ZZS9,Protobothrops jerdonii,SVMP,481,yes
Q8AY79,Trimeresurus stejnegeri,SVSP,258,yes
Q8AY80,Trimeresurus stejnegeri,SVSP,258,yes
Q8AY81,Trimeresurus stejnegeri,SVSP,260,yes
Q90YA6,Protobothrops elegans,SVMP,481,yes
Q91516,Trimeresurus stejnegeri,SVSP,258,yes
Q9DF67,Protobothrops jerdonii,SVSP,258,yes
B0ZT25,Protobothrops jerdonii,SVSP,260,yes
D1MGU0,Protobothrops jerdonii,OTHER,156,yes
D1MGU1,Protobothrops jerdonii,OTHER,146,yes
F8QN51,Vipera renardi,PLA2,137,yes
P0C2D3,Eristocophis macmahoni,LAAO,27,yes
P0C6B6,Trimeresurus albolabris,SVMP,484,yes
P0CJ41,Trimeresurus albolabris,SVSP,258,yes
P0DJ62,Bothrops leucurus,PLA2,60,yes
P0DJF6,Trimeresurus albolabris,SVSP,258,yes
P0DJF7,Trimeresurus purpureomaculatus,SVSP,19,yes
P0DJH2,Trimeresurus albolabris,SVMP,53,no
P0DJK0,Atractaspis irregularis,3FTx,118,yes
P0DJL1,Trimeresurus albolabris,OTHER,12,no
P0DKR3,Pseudocerastes fieldi,3FTx,122,yes
P0DKR5,Pseudocerastes fieldi,3FTx,122,yes
P0DM39,Trimeresurus albolabris,OTHER,148,yes
P0DM43,Protobothrops jerdonii,SVSP,21,yes
P0DM87,Trimeresurus stejnegeri,SVMP,484,yes
P0DM88,Protobothrops jerdonii,SVMP,123,yes
P0DMU0,Protobothrops jerdonii,SVSP,21,yes
P0DMU1,Protobothrops jerdonii,SVSP,20,yes
P0DRJ8,Bitis nasicornis,SVMP,12,no
P0DW97,Daboia palaestinae,VEGF,110,yes
P14556,Naja pallida,3FTx,118,yes
P20897,Crotalus ruber,SVMP,202,yes
P81743,Eristocophis macmahoni,Disintegrin,68,yes
P82893,Trimeresurus stejnegeri,PLA2,70,no
P84788,Protobothrops elegans,SVSP,233,yes
P86497,Bitis rhinoceros,SVSP,89,yes
P86974,Bothrops leucurus,PLA2,122,no
Q2PG81,Protobothrops elegans,PLA2,137,yes
Q6H3C5,Trimeresurus stejnegeri,PLA2,122,yes
Q6H3C6,Trimeresurus stejnegeri,PLA2,122,yes
Q6H3C7,Trimeresurus stejnegeri,PLA2,139,yes
Q6H3C9,Trimeresurus stejnegeri,PLA2,138,yes
Q6H3D1,Trimeresurus stejnegeri,PLA2,122,yes
Q6H3D2,Trimeresurus stejnegeri,PLA2,138,yes
Q6H3D3,Trimeresurus stejnegeri,PLA2,138,yes
Q6H3D4,Trimeresurus stejnegeri,PLA2,138,yes
Q6H3D5,Trimeresurus stejnegeri,PLA2,138,yes
Q6H3D6,Trimeresurus stejnegeri,PLA2,137,yes
Q6H3D7,Trimeresurus stejnegeri,PLA2,137,yes
Q6WP39,Trimeresurus stejnegeri,LAAO,516,yes
Q7T1R0,Bungarus flaviceps,3FTx,146,yes
Q7T1R1,Bungarus flaviceps,3FTx,146,yes
Q7ZZM2,Protobothrops jerdonii,Disintegrin,110,yes
Q8JIY9,Protobothrops jerdonii,PLA2,138,yes
Q98996,Daboia palaestinae,PLA2,138,yes
X5ICI2,Gloydius tsushimaensis,VEGF,146,yes
A0A077L7X3,Protobothrops elegans,SVMP,293,yes
A0A077LA46,Protobothrops elegans,SVSP,257,yes
A0A077LCZ4,Protobothrops elegans,OTHER,143,yes
A0A193CHI7,Crotalus tzabcan,OTHER,138,yes
A0A193CHJ1,Crotalus tzabcan,OTHER,138,yes
A0A193CHJ3,Crotalus tzabcan,OTHER,138,yes
A0A898IKL9,Calliophis bivirgatus,SVMP,239,yes
A0A898ILA7,Calliophis bivirgatus,SVMP,239,yes
A0A898ILG0,Calliophis bivirgatus,SVMP,239,yes
A0A898INF1,Calliophis bivirgatus,SVMP,228,yes
A7LAC6,Trimeresurus albolabris,SVSP,260,yes
A7LAC7,Trimeresurus albolabris,SVSP,260,yes
C0HJM5,Cerrophidion sasai,Disintegrin,72,yes
C0HJR1,Micrurus mipartitus,3FTx,64,yes
C0HJR2,Micrurus mipartitus,3FTx,64,yes
D5J9R7,Bungarus flaviceps,3FTx,146,yes
D5J9R8,Bungarus flaviceps,3FTx,146,yes
D8MIA0,Bitis rhinoceros,SVSP,259,yes
D8MIA1,Bitis rhinoceros,SVSP,259,yes
D8MIA2,Bitis rhinoceros,SVSP,257,yes
D8MIA3,Bitis rhinoceros,SVSP,259,yes
E2DQZ5,Protobothrops jerdonii,OTHER,148,yes
E2DQZ6,Protobothrops jerdonii,OTHER,158,yes
E5AJX2,Vipera nikolskii,SVSP,257,yes
F8QN50,Vipera renardi,3FTx,138,yes
F8QN52,Vipera renardi,PLA2,138,yes
I7ICN3,Bitis rhinoceros,CTL,150,yes
I7JUQ0,Bitis rhinoceros,CTL,156,yes
M5BGS2,Atheris squamigera,Disintegrin,111,yes
M5BGY5,Atheris chlorechis,Disintegrin,111,yes
P01389,Naja anchietae,3FTx,72,yes
P01426,Naja pallida,3FTx,61,yes
P01468,Naja pallida,3FTx,60,yes
P0C6E2,Daboia palaestinae,Disintegrin,41,yes
P0DJ87,Bothrops leucurus,SVMP,93,yes
P0DJF4,Trimeresurus albolabris,SVSP,11,no
P0DJF5,Trimeresurus albolabris,SVSP,258,yes
P0DJK1,Atractaspis irregularis,3FTx,118,yes
P0DJL2,Trimeresurus purpureomaculatus,OTHER,133,yes
P0DJL3,Trimeresurus purpureomaculatus,OTHER,123,yes
P0DJL4,Daboia palaestinae,OTHER,107,yes
P0DJL5,Daboia palaestinae,OTHER,125,yes
P0DJM6,Protobothrops mangshanensis,3FTx,23,yes
P0DJP6,Trimeresurus stejnegeri,PLA2,23,yes
P0DJP7,Trimeresurus stejnegeri,PLA2,23,yes
P0DJP8,Trimeresurus stejnegeri,PLA2,23,yes
P0DJP9,Trimeresurus stejnegeri,PLA2,23,yes
P0DJQ0,Trimeresurus stejnegeri,PLA2,23,yes
P0DJQ2,Trimeresurus stejnegeri,PLA2,23,yes
P0DKL8,Vipera renardi,SVSP,66,yes
P0DKR4,Pseudocerastes fieldi,3FTx,20,yes
P0DL82,Calliophis bivirgatus,3FTx,57,yes
P0DM38,Trimeresurus albolabris,OTHER,158,yes
P0DRJ9,Bitis nasicornis,SVMP,10,no
P0DRK0,Bitis rhinoceros,SVMP,10,no
P13211,Atractaspis engaddensis,3FTx,21,yes
P22826,Eristocophis macmahoni,Disintegrin,51,yes
P24541,Eristocophis macmahoni,SVSP,62,yes
P24644,Calliophis bivirgatus,3FTx,38,yes
P24645,Calliophis bivirgatus,3FTx,38,yes
P34074,Naja annulata,3FTx,71,yes
P34076,Naja christyi,3FTx,62,yes
P60623,Trimeresurus stejnegeri,3FTx,233,yes
P62384,Trimeresurus albolabris,Disintegrin,73,yes
P81111,Trimeresurus albolabris,OTHER,131,no
P81112,Trimeresurus albolabris,OTHER,134,yes
P81113,Trimeresurus albolabris,OTHER,125,no
P81114,Trimeresurus albolabris,OTHER,123,no
P81115,Trimeresurus albolabris,OTHER,156,yes
P81116,Trimeresurus albolabris,OTHER,146,yes
P81742,Eristocophis macmahoni,Disintegrin,69,yes
P83345,Naja sagittifera,3FTx,60,yes
P85005,Proatheris superciliaris,SVMP,15,no
P86094,Micrurus surinamensis,3FTx,58,yes
P86095,Micrurus surinamensis,3FTx,59,yes
P86096,Micrurus surinamensis,3FTx,64,yes
P86097,Micrurus surinamensis,3FTx,60,yes
P86098,Micrurus surinamensis,3FTx,64,yes
P86099,Micrurus surinamensis,3FTx,64,yes
P86975,Bothrops leucurus,PLA2,121,yes
Q2PG83,Protobothrops elegans,PLA2,138,yes
Q3HTN1,Trimeresurus stejnegeri,SVMP,600,yes
Q3HTN2,Trimeresurus stejnegeri,SVMP,600,yes
Q71QH5,Trimeresurus stejnegeri,SVSP,257,yes
Q71QH6,Trimeresurus stejnegeri,SVSP,258,yes
Q71QH7,Trimeresurus stejnegeri,SVSP,258,yes
Q71QH8,Trimeresurus stejnegeri,SVSP,257,yes
Q71QH9,Trimeresurus stejnegeri,SVSP,260,yes
Q71QI0,Trimeresurus stejnegeri,SVSP,260,yes
Q71QI1,Trimeresurus stejnegeri,SVSP,258,yes
Q71QI2,Trimeresurus stejnegeri,SVSP,258,yes
Q71QI3,Trimeresurus stejnegeri,SVSP,257,yes
Q71QI4,Trimeresurus stejnegeri,SVSP,260,yes
Q71QI5,Trimeresurus stejnegeri,SVSP,257,yes
Q71QI6,Trimeresurus stejnegeri,SVSP,257,yes
Q71QI7,Trimeresurus stejnegeri,SVSP,257,yes
Q71QI8,Trimeresurus stejnegeri,SVSP,257,yes
Q71QI9,Trimeresurus stejnegeri,SVSP,260,yes
Q71QJ0,Trimeresurus stejnegeri,SVSP,257,yes
Q71QJ1,Trimeresurus stejnegeri,SVSP,257,yes
Q71QJ2,Trimeresurus stejnegeri,SVSP,260,yes
Q71QJ3,Trimeresurus stejnegeri,SVSP,257,yes
Q71QJ4,Trimeresurus stejnegeri,SVSP,260,yes
Q71RQ7,Trimeresurus stejnegeri,OTHER,156,yes
Q7T2Q6,Bungarus flaviceps,3FTx,83,yes
Q8AY78,Trimeresurus stejnegeri,SVSP,258,yes
Q8AY82,Trimeresurus stejnegeri,SVSP,260,yes
Q9DF66,Protobothrops jerdonii,SVSP,258,yes
Q9DF68,Protobothrops jerdonii,SVSP,260,yes
Q9PSN7,Crotalus ruber,SVMP,216,yes
Q9PWR6,Daboia palaestinae,PLA2,138,yes
Q9YGJ7,Daboia palaestinae,PLA2,137,yes
A0A077L6L4,Protobothrops elegans,OTHER,505,yes
A0A077L6L9,Protobothrops elegans,SVMP,273,yes
A0A077L7U3,Protobothrops elegans,SVMP,34,yes
A0A077LA64,Protobothrops elegans,PDE,810,yes
A0A2P1BSS8,Micrurus mipartitus,3FTx,82,yes
A0A2P1BSS9,Micrurus mipartitus,3FTx,81,yes
A0A2P1BST7,Micrurus mipartitus,3FTx,81,yes
A0A2P1BSU3,Micrurus mipartitus,3FTx,79,yes
A0A2U8QNR2,Micrurus mipartitus,LAAO,501,yes
A0A2U8QNR3,Micrurus mipartitus,LAAO,501,yes
A0A2U8QNR6,Micrurus mipartitus,LAAO,501,yes
A0A2U8QNR7,Micrurus mipartitus,LAAO,501,yes
A0A2U8QNU6,Micrurus mipartitus,LAAO,501,yes
A0A898IKT8,Calliophis bivirgatus,SVMP,614,yes
A0A898ILE9,Calliophis bivirgatus,SVMP,623,yes
A0A898ILL7,Calliophis bivirgatus,SVMP,612,yes
A0A898ILW0,Calliophis bivirgatus,SVSP,257,yes
A0A898INC7,Calliophis bivirgatus,PDE,855,yes
A0A898ING0,Calliophis bivirgatus,CNP,161,yes
A0A898INH6,Calliophis bivirgatus,SVMP,613,yes
A0AAU6NT02,Micrurus mipartitus,SVSP,150,yes
A0AAU6NT91,Micrurus mipartitus,SVSP,128,yes
B7FDI0,Vipera nikolskii,3FTx,221,yes
C0HK50,Crotalus tzabcan,Disintegrin,71,yes
D5J9Q8,Bungarus flaviceps,SVSP,83,yes
D5J9S0,Bungarus flaviceps,CNP,148,yes
H9M5U4,Crotalus ruber,Disintegrin,61,yes
M5A7M5,Protobothrops elegans,SVMP,212,yes
P0C7R9,Bothrops leucurus,SVMP,13,no
P0DJB0,Micrurus lemniscatus,3FTx,12,no
P0DJQ1,Trimeresurus stejnegeri,PLA2,23,yes
P0DKL7,Vipera renardi,PLA2,23,yes
P0DRK2,Bitis nasicornis,SVMP,12,no
P0DV80,Bitis rhinoceros,OTHER,12,no
P0DV81,Bitis rhinoceros,OTHER,10,no
P15815,Bungarus flaviceps,3FTx,66,yes
P24742,Calliophis bivirgatus,3FTx,41,yes
P34075,Naja annulata,3FTx,61,yes
P80163,Atractaspis bibronii,3FTx,21,yes
P81995,Trimeresurus purpureomaculatus,3FTx,33,no
P85006,Proatheris superciliaris,SVMP,28,yes
Q71RP8,Trimeresurus stejnegeri,OTHER,148,yes
Q71RP9,Trimeresurus stejnegeri,OTHER,148,yes
Q71RQ0,Trimeresurus stejnegeri,OTHER,148,yes
Q71RQ1,Trimeresurus stejnegeri,OTHER,158,yes
Q71RQ8,Trimeresurus stejnegeri,OTHER,146,yes
Q71RQ9,Trimeresurus stejnegeri,OTHER,146,yes
Q71RR0,Trimeresurus stejnegeri,OTHER,129,yes
Q71RR1,Trimeresurus stejnegeri,OTHER,146,yes
Q71RR2,Trimeresurus stejnegeri,OTHER,144,yes
Q71RR4,Trimeresurus stejnegeri,OTHER,152,yes
Q7ZZN9,Protobothrops jerdonii,3FTx,240,yes
Q9PT47,Atractaspis andersonii,SVMP,400,yes
Q9PT48,Atractaspis engaddensis,SVMP,604,yes
Q9PT49,Atractaspis andersonii,SVMP,451,yes
A0A077L6M9,Protobothrops elegans,CTL,150,yes
A0A077L7D6,Protobothrops elegans,SVMP,200,yes
A0A077L7E1,Protobothrops elegans,SVMP,159,yes
A0A077L7Y5,Protobothrops elegans,CTL,130,yes
A0A077LA53,Protobothrops elegans,SVMP,179,yes
A0A077LA61,Protobothrops elegans,3FTx,240,yes
A0A077LA68,Protobothrops elegans,OTHER,146,yes
A0A077LA75,Protobothrops elegans,SVMP,100,yes
A0A077LD04,Protobothrops elegans,CTL,184,yes
A0A191UIS4,Atropoides spp,OTHER,110,yes
A0A191UIW0,Atropoides spp,OTHER,110,yes
A0A193CHJ2,Crotalus tzabcan,CTL,148,yes
A0A193CHJ4,Crotalus tzabcan,CTL,158,yes
A0A193CHJ9,Crotalus tzabcan,CTL,158,yes
A0A6H1Z3X8,Trimeresurus purpureomaculatus,OTHER,73,yes
A0A898IKE8,Calliophis bivirgatus,SVSP,81,yes
A0A898ILB7,Calliophis bivirgatus,SVSP,81,yes
A0A898INB6,Calliophis bivirgatus,SVSP,81,yes
A0A898INI2,Calliophis bivirgatus,3FTx,218,yes
A0A898INP5,Calliophis bivirgatus,SVSP,83,yes
A0A898IPM7,Calliophis bivirgatus,SVSP,83,yes
A0A898IPP5,Calliophis bivirgatus,SVSP,83,yes
D5J9N8,Bungarus flaviceps,3FTx,86,yes
D5J9N9,Bungarus flaviceps,3FTx,86,yes
D5J9P0,Bungarus flaviceps,3FTx,86,yes
D5J9P1,Bungarus flaviceps,3FTx,85,yes
D5J9P2,Bungarus flaviceps,3FTx,85,yes
D5J9P3,Bungarus flaviceps,3FTx,86,yes
D5J9P4,Bungarus flaviceps,3FTx,86,yes
D5J9P5,Bungarus flaviceps,3FTx,88,yes
D5J9P6,Bungarus flaviceps,3FTx,88,yes
D5J9P8,Bungarus flaviceps,3FTx,88,yes
D5J9P9,Bungarus flaviceps,3FTx,86,yes
D5J9Q0,Bungarus flaviceps,3FTx,86,yes
D5J9Q1,Bungarus flaviceps,3FTx,86,yes
D5J9Q2,Bungarus flaviceps,OTHER,63,yes
F2Q6F7,Trimeresurus stejnegeri,3FTx,240,yes
F2Q6F8,Trimeresurus stejnegeri,3FTx,240,yes
F2Q6F9,Trimeresurus stejnegeri,3FTx,240,yes
